EmployeeID,FirstName,LastName,Gender,Age,Ethnicity,Department,JobTitle,JobLevel,Location,HireDate,TerminationDate,EmploymentStatus,AttritionFlag,AttritionReason,TenureMonths,PerformanceRating,AnnualSalaryUSD,SalaryBand,EducationLevel,YearsOfExperience,ManagerID
EMP00001,Margaret,Johnson,Female,37,African,Customer Success,Customer Success Manager,Manager,Nairobi Office,2020-01-18,2022-08-30,Terminated,Yes,Resignation - Better Opportunity,31,Meets Expectations,199000,Lead/Manager,Diploma / Certificate,11,
EMP00002,Denise,Walker,Female,32,European,Finance,FP&A Analyst,Mid-Level,Mombasa HQ,2021-12-05,,Active,No,,56,Outstanding,63000,Mid,Bachelor's Degree,12,
EMP00003,Nancy,Rhodes,Female,39,African,Sales,Sales Representative,Entry,Dar es Salaam,2025-10-14,,Active,No,,10,Meets Expectations,32000,Entry,Bachelor's Degree,19,
EMP00004,Stephanie,Miller,Female,46,African,Customer Success,Customer Success Manager,Manager,Nairobi Office,2022-05-29,,Active,No,,51,Meets Expectations,144000,Lead/Manager,High School,23,
EMP00005,Javier,Johnson,Male,32,African,Engineering,Engineering Manager,Manager,Remote - Kenya,2023-12-04,,Active,No,,32,Outstanding,196000,Lead/Manager,Bachelor's Degree,11,
EMP00006,Daniel,Wagner,Male,32,African,Customer Success,CS Team Lead,Manager,Remote - Kenya,2023-09-01,,Active,No,,36,Meets Expectations,207000,Lead/Manager,High School,11,
EMP00007,Alyssa,Gonzalez,Female,46,African,Engineering,DevOps Engineer,Mid-Level,Nairobi Office,2023-09-21,,Active,No,,35,Meets Expectations,82000,Mid,Diploma / Certificate,24,
EMP00008,Marie,Gardner,Female,40,African,IT Support,IT Support Specialist,Mid-Level,Mombasa HQ,2025-12-15,,Active,No,,8,Meets Expectations,49000,Mid,Bachelor's Degree,19,
EMP00009,Connie,Lawrence,Female,30,European,Customer Success,Customer Success Manager,Manager,Dar es Salaam,2023-05-18,,Active,No,,39,Outstanding,194000,Lead/Manager,Bachelor's Degree,6,
EMP00010,Rhonda,Smith,Female,38,African,Engineering,QA Engineer,Senior,Remote - East Africa,2024-06-09,,Active,No,,26,Meets Expectations,113000,Senior,Master's Degree,16,
EMP00011,Renee,Wolfe,Female,30,African,Operations,Operations Coordinator,Mid-Level,Remote - Kenya,2026-01-07,,Active,No,,7,Needs Improvement,65000,Mid,Doctorate,7,
EMP00012,Gina,Moore,Female,30,African,Marketing,Marketing Analyst,Senior,Remote - Kenya,2024-04-17,,Active,No,,28,Exceeds Expectations,92000,Senior,Bachelor's Degree,7,
EMP00013,Tina,Rogers,Female,35,African,Engineering,Tech Lead,Manager,Mombasa HQ,2022-11-17,,Active,No,,45,Meets Expectations,192000,Lead/Manager,Diploma / Certificate,12,
EMP00014,Brandon,Davis,Male,22,African,Finance,Financial Analyst,Mid-Level,Nairobi Office,2025-11-29,,Active,No,,9,Meets Expectations,81000,Mid,Diploma / Certificate,0,
EMP00015,Sarah,Munoz,Female,22,African,Human Resources,People Operations Specialist,Mid-Level,Mombasa HQ,2025-10-02,2026-03-14,Terminated,Yes,Resignation - Career Growth,5,Exceeds Expectations,49000,Mid,Bachelor's Degree,2,
EMP00016,Renee,Blair,Female,29,African,Engineering,QA Engineer,Mid-Level,Remote - International,2025-07-27,,Active,No,,13,Exceeds Expectations,62000,Mid,Master's Degree,8,
EMP00017,Kimberly,Dudley,Female,25,African,Product,Product Analyst,Mid-Level,Nairobi Office,2024-06-24,,Active,No,,26,Meets Expectations,64000,Mid,High School,0,
EMP00018,Jamie,Arnold,Female,36,African,Legal & Compliance,Paralegal,Mid-Level,Dar es Salaam,2023-02-25,,Active,No,,42,Meets Expectations,64000,Mid,High School,10,
EMP00019,Ronald,Montgomery,Male,26,African,Sales,Business Development Rep,Entry,Nairobi Office,2025-04-15,2025-07-25,Terminated,Yes,Resignation - Personal/Family,3,Meets Expectations,29000,Entry,Diploma / Certificate,6,
EMP00020,Shannon,Ray,Female,22,African,Product,Product Analyst,Senior,Mombasa HQ,2026-07-26,,Active,No,,1,Meets Expectations,102000,Senior,Bachelor's Degree,0,
EMP00021,Michael,Williams,Male,45,European,Operations,Process Improvement Lead,Manager,Remote - International,2024-11-24,,Active,No,,21,Meets Expectations,161000,Lead/Manager,Master's Degree,23,
EMP00022,Crystal,Roberts,Female,32,African,Marketing,Marketing Analyst,Mid-Level,Mombasa HQ,2025-05-17,,Active,No,,15,Meets Expectations,78000,Mid,Master's Degree,11,
EMP00023,Bobby,Hall,Male,34,African,Engineering,Engineering Manager,Manager,Remote - East Africa,2019-07-22,,Active,No,,85,Needs Improvement,156000,Lead/Manager,Bachelor's Degree,12,
EMP00024,Ashlee,Ramirez,Female,22,African,Customer Success,CS Team Lead,Manager,Nairobi Office,2025-09-13,,Active,No,,11,Exceeds Expectations,153000,Lead/Manager,Bachelor's Degree,0,
EMP00025,Mark,Diaz,Male,29,Other,Sales,Account Executive,Entry,Remote - Kenya,2019-01-08,2025-06-18,Terminated,Yes,Termination - Restructuring,77,Meets Expectations,32000,Entry,High School,6,
EMP00026,Jacob,Clark,Male,34,European,Sales,Account Executive,Mid-Level,Remote - East Africa,2019-02-27,,Active,No,,90,Meets Expectations,84000,Mid,High School,13,
EMP00027,Derek,Zuniga,Male,24,African,Sales,Sales Representative,Mid-Level,Mombasa HQ,2026-07-15,,Active,No,,1,Meets Expectations,54000,Mid,Bachelor's Degree,2,
EMP00028,Deborah,Lynch,Non-Binary,37,African,Human Resources,HR Generalist,Mid-Level,Nairobi Office,2024-08-31,,Active,No,,24,Needs Improvement,61000,Mid,Master's Degree,17,
EMP00029,George,Daniel,Non-Binary,29,African,Engineering,Engineering Manager,Manager,Remote - Kenya,2026-03-04,2026-07-10,Terminated,Yes,Resignation - Career Growth,4,Outstanding,175000,Lead/Manager,Master's Degree,8,
EMP00030,Carla,Gray,Female,31,African,Engineering,DevOps Engineer,Mid-Level,Nairobi Office,2023-03-15,,Active,No,,41,Exceeds Expectations,72000,Mid,Master's Degree,11,
EMP00031,William,Bowman,Male,29,European,Engineering,Tech Lead,Manager,Remote - East Africa,2020-07-10,,Active,No,,73,Meets Expectations,215000,Lead/Manager,Bachelor's Degree,8,
EMP00032,Kristin,Cohen,Female,48,African,Customer Success,CS Team Lead,Manager,Mombasa HQ,2025-09-19,,Active,No,,11,Meets Expectations,177000,Lead/Manager,Bachelor's Degree,28,
EMP00033,Sarah,Parsons,Female,33,African,Legal & Compliance,Legal Counsel,Mid-Level,Remote - Kenya,2025-11-07,,Active,No,,9,Meets Expectations,54000,Mid,Diploma / Certificate,12,
EMP00034,Crystal,Johnson,Female,25,Asian,Engineering,DevOps Engineer,Mid-Level,Mombasa HQ,2025-06-10,,Active,No,,14,Meets Expectations,71000,Mid,Bachelor's Degree,5,
EMP00035,Ethan,Adams,Male,40,Other,Engineering,Software Engineer,Mid-Level,Mombasa HQ,2021-01-03,,Active,No,,67,Meets Expectations,77000,Mid,Bachelor's Degree,19,
EMP00036,Christine,Hahn,Female,24,African,Marketing,Brand Manager,Manager,Dar es Salaam,2025-04-30,2025-11-22,Terminated,Yes,Resignation - Better Opportunity,6,Meets Expectations,161000,Lead/Manager,Bachelor's Degree,1,
EMP00037,Shawn,Edwards,Male,35,African,Sales,Account Executive,Entry,Remote - East Africa,2022-01-02,,Active,No,,55,Meets Expectations,39000,Entry,Bachelor's Degree,12,
EMP00038,Matthew,Foster,Male,22,African,Product,Product Manager,Manager,Remote - Kenya,2026-02-14,,Active,No,,6,Meets Expectations,209000,Lead/Manager,High School,0,
EMP00039,Thomas,Ellis,Male,23,African,Operations,Process Improvement Lead,Manager,Nairobi Office,2024-10-17,,Active,No,,22,Meets Expectations,212000,Lead/Manager,Bachelor's Degree,0,
EMP00040,Derek,Wright,Male,35,African,Sales,Business Development Rep,Mid-Level,Nairobi Office,2021-06-28,,Active,No,,62,Meets Expectations,81000,Mid,Diploma / Certificate,11,
EMP00041,Kristina,Baker,Female,39,Asian,Engineering,DevOps Engineer,Mid-Level,Mombasa HQ,2022-09-29,2026-07-24,Terminated,Yes,Resignation - Better Opportunity,45,Needs Improvement,83000,Mid,Bachelor's Degree,13,
EMP00042,Kevin,Hurst,Male,35,African,Marketing,Marketing Analyst,Mid-Level,Remote - East Africa,2024-10-14,,Active,No,,22,Exceeds Expectations,50000,Mid,Diploma / Certificate,13,
EMP00043,Jennifer,Robinson,Female,33,African,Sales,Sales Manager,Manager,Mombasa HQ,2024-06-11,,Active,No,,26,Meets Expectations,149000,Lead/Manager,Bachelor's Degree,11,
EMP00044,Zachary,Hicks,Male,31,African,Human Resources,Compensation Analyst,Senior,Remote - International,2020-12-29,2023-07-07,Terminated,Yes,Termination - Performance,30,Needs Improvement,129000,Senior,Bachelor's Degree,7,
EMP00045,Brandon,Williams,Male,22,Mixed Heritage,Customer Success,Onboarding Specialist,Senior,Dar es Salaam,2026-01-06,,Active,No,,7,Meets Expectations,109000,Senior,Bachelor's Degree,0,
EMP00046,Brian,Burton,Male,28,African,Marketing,Marketing Specialist,Mid-Level,Remote - East Africa,2021-02-15,,Active,No,,66,Meets Expectations,63000,Mid,Bachelor's Degree,4,
EMP00047,Rebecca,Henderson,Female,30,Mixed Heritage,Engineering,QA Engineer,Senior,Nairobi Office,2020-06-10,,Active,No,,74,Exceeds Expectations,100000,Senior,Diploma / Certificate,8,
EMP00048,Amy,James,Female,42,African,Human Resources,HR Business Partner,Entry,Remote - Kenya,2022-10-24,,Active,No,,46,Meets Expectations,33000,Entry,Bachelor's Degree,20,
EMP00049,Zachary,Rice,Male,36,African,Engineering,Engineering Manager,Manager,Remote - East Africa,2024-03-29,,Active,No,,29,Meets Expectations,158000,Lead/Manager,Bachelor's Degree,14,
EMP00050,Tricia,Valencia,Female,22,African,Customer Success,Customer Success Manager,Manager,Dar es Salaam,2026-04-14,2026-07-01,Terminated,Yes,Resignation - Career Growth,2,Meets Expectations,207000,Lead/Manager,Bachelor's Degree,0,
EMP00051,Alexandra,Le,Female,36,African,Operations,Operations Coordinator,Mid-Level,Remote - East Africa,2025-12-08,2026-07-17,Terminated,Yes,Resignation - Career Growth,7,Meets Expectations,64000,Mid,High School,11,EMP00006
EMP00052,Michael,Herrera,Male,30,African,IT Support,IT Support Specialist,Mid-Level,Nairobi Office,2021-09-14,,Active,No,,59,Meets Expectations,62000,Mid,Bachelor's Degree,8,
EMP00053,Debra,Davidson,Female,28,African,Legal & Compliance,Legal Counsel,Mid-Level,Nairobi Office,2025-10-29,,Active,No,,10,Exceeds Expectations,53000,Mid,Diploma / Certificate,8,
EMP00054,Ashley,Graham,Female,38,African,Engineering,Engineering Manager,Manager,Kampala,2024-06-13,,Active,No,,26,Exceeds Expectations,196000,Lead/Manager,Master's Degree,17,EMP00005
EMP00055,Jesse,Mckay,Male,42,Mixed Heritage,Sales,Sales Manager,Manager,Nairobi Office,2023-04-05,,Active,No,,40,Meets Expectations,188000,Lead/Manager,Bachelor's Degree,22,
EMP00056,Shawn,Baker,Male,41,African,Sales,Regional Sales Director,Director+,Mombasa HQ,2026-06-09,,Active,No,,2,Meets Expectations,338000,Director+,Diploma / Certificate,19,
EMP00057,Jonathan,White,Male,27,African,Operations,Logistics Specialist,Senior,Mombasa HQ,2022-10-07,,Active,No,,46,Meets Expectations,95000,Senior,Bachelor's Degree,7,EMP00032
EMP00058,Susan,Harrell,Female,31,African,Engineering,DevOps Engineer,Senior,Mombasa HQ,2026-08-28,,Active,No,,1,Meets Expectations,115000,Senior,Bachelor's Degree,10,EMP00049
EMP00059,Edwin,Fowler,Male,36,Mixed Heritage,Operations,Logistics Specialist,Senior,Mombasa HQ,2026-05-06,,Active,No,,3,Meets Expectations,96000,Senior,Bachelor's Degree,11,EMP00036
EMP00060,Lee,Hernandez,Male,41,African,Operations,Operations Manager,Manager,Remote - International,2023-05-25,,Active,No,,39,Exceeds Expectations,219000,Lead/Manager,Diploma / Certificate,21,EMP00036
EMP00061,Phillip,Ryan,Male,30,European,Sales,Account Executive,Mid-Level,Remote - International,2020-12-22,2025-03-17,Terminated,Yes,Resignation - Personal/Family,50,Meets Expectations,65000,Mid,Bachelor's Degree,7,EMP00010
EMP00062,Richard,Moreno,Male,32,African,Operations,Logistics Specialist,Mid-Level,Mombasa HQ,2023-12-28,,Active,No,,32,Exceeds Expectations,67000,Mid,Bachelor's Degree,12,EMP00046
EMP00063,Aaron,Nguyen,Male,25,Other,Product,Product Owner,Entry,Remote - East Africa,2023-11-08,,Active,No,,33,Meets Expectations,38000,Entry,Bachelor's Degree,4,
EMP00064,Alicia,Hickman,Female,24,African,Product,Product Manager,Manager,Mombasa HQ,2024-10-08,,Active,No,,22,Meets Expectations,198000,Lead/Manager,Diploma / Certificate,1,EMP00035
EMP00065,Shawn,Decker,Male,40,African,Engineering,Engineering Manager,Manager,Remote - Kenya,2024-01-14,,Active,No,,31,Outstanding,190000,Lead/Manager,Bachelor's Degree,14,EMP00013
EMP00066,Eric,Brown,Male,44,African,Human Resources,HR Business Partner,Mid-Level,Remote - Kenya,2022-06-19,,Active,No,,50,Meets Expectations,73000,Mid,Master's Degree,22,EMP00023
EMP00067,Sherry,Arroyo,Female,33,European,Sales,Regional Sales Director,Director+,Nairobi Office,2023-10-27,,Active,No,,34,Exceeds Expectations,319000,Director+,Diploma / Certificate,13,EMP00021
EMP00068,Angelica,Tucker,Female,42,Mixed Heritage,Sales,Sales Manager,Manager,Nairobi Office,2024-06-08,,Active,No,,26,Meets Expectations,219000,Lead/Manager,Bachelor's Degree,19,EMP00038
EMP00069,Andrea,Hodges,Female,36,African,IT Support,Systems Administrator,Entry,Mombasa HQ,2021-02-05,,Active,No,,66,Exceeds Expectations,42000,Entry,Master's Degree,16,EMP00029
EMP00070,Ralph,Anderson,Male,28,African,Customer Success,CS Team Lead,Manager,Remote - Kenya,2026-03-24,,Active,No,,5,Meets Expectations,194000,Lead/Manager,Master's Degree,8,
EMP00071,Karen,Pierce,Female,36,Asian,Engineering,Tech Lead,Manager,Remote - East Africa,2021-01-15,,Active,No,,67,Meets Expectations,173000,Lead/Manager,Master's Degree,16,EMP00038
EMP00072,Deborah,Brennan,Female,46,African,Finance,Finance Manager,Manager,Nairobi Office,2019-02-08,,Active,No,,90,Exceeds Expectations,204000,Lead/Manager,Bachelor's Degree,26,
EMP00073,Jay,Lewis,Male,33,African,Engineering,Software Engineer,Mid-Level,Remote - Kenya,2019-02-06,2025-07-23,Terminated,Yes,Resignation - Personal/Family,77,Meets Expectations,72000,Mid,Master's Degree,9,EMP00060
EMP00074,Kimberly,Blair,Female,46,African,Product,UX Designer,Mid-Level,Remote - Kenya,2024-01-14,2025-06-21,Terminated,Yes,Resignation - Personal/Family,17,Outstanding,50000,Mid,Doctorate,24,EMP00020
EMP00075,Curtis,Collins,Male,22,Mixed Heritage,Product,Product Manager,Manager,Remote - International,2026-01-17,,Active,No,,7,Meets Expectations,207000,Lead/Manager,Bachelor's Degree,0,
EMP00076,Whitney,Santos,Female,40,European,Sales,Sales Manager,Manager,Nairobi Office,2019-07-01,2023-05-27,Terminated,Yes,Resignation - Better Opportunity,46,Meets Expectations,155000,Lead/Manager,Bachelor's Degree,20,
EMP00077,Jessica,Holmes,Female,34,Asian,Human Resources,Recruiter,Mid-Level,Mombasa HQ,2023-07-24,,Active,No,,37,Meets Expectations,78000,Mid,Master's Degree,8,EMP00004
EMP00078,Barbara,Walker,Female,31,African,Sales,Sales Manager,Manager,Remote - East Africa,2021-12-12,,Active,No,,56,Meets Expectations,203000,Lead/Manager,Diploma / Certificate,10,
EMP00079,Gina,Chapman,Female,34,Asian,Operations,Operations Manager,Manager,Mombasa HQ,2021-07-13,2024-05-18,Terminated,Yes,Termination - Performance,34,Needs Improvement,216000,Lead/Manager,Master's Degree,10,EMP00057
EMP00080,Crystal,Robinson,Female,22,African,Sales,Sales Representative,Entry,Mombasa HQ,2025-10-31,,Active,No,,10,Meets Expectations,28000,Entry,Bachelor's Degree,1,EMP00071
EMP00081,Andrea,Welch,Female,32,Asian,Finance,Accountant,Mid-Level,Remote - Kenya,2021-11-18,,Active,No,,57,Outstanding,81000,Mid,Bachelor's Degree,12,EMP00012
EMP00082,Crystal,Whitehead,Female,36,African,Marketing,Marketing Specialist,Mid-Level,Kampala,2022-12-21,,Active,No,,44,Exceeds Expectations,75000,Mid,High School,14,EMP00007
EMP00083,Scott,Jones,Male,45,African,Legal & Compliance,Paralegal,Entry,Remote - East Africa,2020-06-06,,Active,No,,74,Meets Expectations,27000,Entry,Bachelor's Degree,25,EMP00080
EMP00084,David,Caldwell,Male,29,African,Customer Success,Customer Success Manager,Manager,Mombasa HQ,2023-03-16,,Active,No,,41,Meets Expectations,189000,Lead/Manager,High School,9,
EMP00085,Cindy,Anderson,Female,27,African,Sales,Sales Representative,Entry,Mombasa HQ,2023-01-12,,Active,No,,43,Meets Expectations,36000,Entry,Diploma / Certificate,7,EMP00080
EMP00086,Timothy,Duncan,Male,29,African,Sales,Sales Representative,Entry,Nairobi Office,2022-10-19,,Active,No,,46,Exceeds Expectations,38000,Entry,Bachelor's Degree,3,EMP00006
EMP00087,John,Mueller,Male,41,Asian,Engineering,QA Engineer,Mid-Level,Nairobi Office,2025-04-28,,Active,No,,16,Meets Expectations,53000,Mid,Bachelor's Degree,19,EMP00065
EMP00088,Robert,Lee,Male,36,African,Customer Success,CS Team Lead,Manager,Mombasa HQ,2020-03-18,,Active,No,,77,Exceeds Expectations,146000,Lead/Manager,High School,16,EMP00042
EMP00089,Anne,Jordan,Female,29,African,Sales,Business Development Rep,Mid-Level,Mombasa HQ,2022-03-06,,Active,No,,53,Meets Expectations,73000,Mid,Diploma / Certificate,8,EMP00022
EMP00090,Jeff,Owens,Male,38,African,Sales,Sales Representative,Mid-Level,Remote - East Africa,2025-07-07,,Active,No,,13,Meets Expectations,53000,Mid,Master's Degree,16,EMP00023
EMP00091,Nicholas,Nunez,Male,34,African,Legal & Compliance,Paralegal,Mid-Level,Mombasa HQ,2019-07-18,,Active,No,,85,Outstanding,75000,Mid,Master's Degree,13,EMP00061
EMP00092,Victoria,Garcia,Female,41,African,Operations,Supply Chain Analyst,Senior,Nairobi Office,2022-07-14,2023-03-15,Terminated,Yes,Resignation - Career Growth,8,Meets Expectations,118000,Senior,Bachelor's Degree,19,EMP00006
EMP00093,Jennifer,Morgan,Female,28,African,Operations,Process Improvement Lead,Manager,Mombasa HQ,2025-07-05,,Active,No,,13,Outstanding,192000,Lead/Manager,Diploma / Certificate,8,EMP00006
EMP00094,Scott,Wright,Male,31,African,Engineering,DevOps Engineer,Senior,Mombasa HQ,2022-11-16,2026-07-30,Terminated,Yes,Resignation - Career Growth,44,Needs Improvement,114000,Senior,Master's Degree,9,EMP00037
EMP00095,Connor,West,Male,30,African,Engineering,Tech Lead,Manager,Nairobi Office,2023-03-11,,Active,No,,41,Meets Expectations,217000,Lead/Manager,Diploma / Certificate,9,
EMP00096,Javier,Ramirez,Male,22,Asian,Customer Success,CS Team Lead,Manager,Mombasa HQ,2025-10-06,,Active,No,,10,Needs Improvement,205000,Lead/Manager,Bachelor's Degree,0,
EMP00097,Danielle,Leblanc,Female,36,African,Product,Product Owner,Entry,Mombasa HQ,2020-10-06,,Active,No,,70,Exceeds Expectations,45000,Entry,Master's Degree,14,EMP00021
EMP00098,Jeremy,Callahan,Male,36,African,Engineering,Tech Lead,Manager,Remote - East Africa,2019-01-31,,Active,No,,90,Meets Expectations,202000,Lead/Manager,Bachelor's Degree,13,EMP00030
EMP00099,Joshua,Williams,Male,34,African,Operations,Supply Chain Analyst,Senior,Nairobi Office,2021-06-28,,Active,No,,62,Meets Expectations,128000,Senior,Bachelor's Degree,11,EMP00026
EMP00100,Yvonne,Huff,Female,32,African,Marketing,Content Manager,Manager,Mombasa HQ,2020-11-18,,Active,No,,69,Exceeds Expectations,210000,Lead/Manager,Bachelor's Degree,12,
EMP00101,Tracy,House,Female,22,African,Marketing,Marketing Specialist,Senior,Mombasa HQ,2025-12-18,,Active,No,,8,Meets Expectations,97000,Senior,High School,2,EMP00013
EMP00102,Sarah,Martin,Female,30,African,Marketing,Digital Marketing Manager,Manager,Mombasa HQ,2021-05-29,2022-01-06,Terminated,Yes,Resignation - Better Opportunity,7,Meets Expectations,203000,Lead/Manager,Master's Degree,10,
EMP00103,Karla,Lewis,Female,31,African,Operations,Operations Coordinator,Senior,Mombasa HQ,2025-12-18,,Active,No,,8,Meets Expectations,98000,Senior,Bachelor's Degree,8,EMP00031
EMP00104,James,Brown,Male,27,African,Finance,Finance Manager,Manager,Remote - International,2022-08-16,,Active,No,,48,Meets Expectations,174000,Lead/Manager,Bachelor's Degree,7,EMP00050
EMP00105,Jamie,Galloway,Female,32,African,Marketing,Marketing Specialist,Senior,Mombasa HQ,2019-04-20,,Active,No,,88,Exceeds Expectations,139000,Senior,Master's Degree,9,
EMP00106,Derek,Bowers,Male,37,Other,Operations,Operations Manager,Manager,Mombasa HQ,2025-12-17,,Active,No,,8,Needs Improvement,206000,Lead/Manager,Bachelor's Degree,15,EMP00006
EMP00107,Spencer,Henderson,Non-Binary,49,African,Engineering,Engineering Manager,Manager,Nairobi Office,2022-08-31,2026-07-03,Terminated,Yes,Resignation - Personal/Family,46,Meets Expectations,181000,Lead/Manager,Diploma / Certificate,28,EMP00096
EMP00108,Tyler,Cowan,Male,35,African,Operations,Logistics Specialist,Mid-Level,Nairobi Office,2021-11-28,,Active,No,,57,Exceeds Expectations,52000,Mid,Master's Degree,11,EMP00011
EMP00109,Justin,Higgins,Male,36,African,Engineering,Engineering Manager,Manager,Nairobi Office,2026-03-12,,Active,No,,5,Meets Expectations,165000,Lead/Manager,Bachelor's Degree,15,
EMP00110,Brittney,Phillips,Female,33,African,Product,Product Manager,Manager,Mombasa HQ,2025-01-25,,Active,No,,19,Meets Expectations,194000,Lead/Manager,Bachelor's Degree,10,
EMP00111,Tracy,Riley,Female,22,African,Engineering,DevOps Engineer,Senior,Mombasa HQ,2025-11-12,,Active,No,,9,Meets Expectations,87000,Senior,Bachelor's Degree,0,EMP00004
EMP00112,Kimberly,Adkins,Female,33,Asian,Finance,Controller,Mid-Level,Mombasa HQ,2023-06-20,,Active,No,,38,Meets Expectations,82000,Mid,Bachelor's Degree,13,
EMP00113,Anthony,Silva,Male,34,Mixed Heritage,Sales,Regional Sales Director,Director+,Mombasa HQ,2025-12-10,,Active,No,,8,Meets Expectations,380000,Director+,Doctorate,14,EMP00090
EMP00114,Kathryn,Farrell,Female,53,African,Customer Success,CS Team Lead,Manager,Nairobi Office,2022-08-15,,Active,No,,48,Exceeds Expectations,181000,Lead/Manager,Diploma / Certificate,28,EMP00012
EMP00115,Christopher,Yu,Male,32,African,Sales,Regional Sales Director,Director+,Remote - Kenya,2025-04-06,,Active,No,,16,Meets Expectations,380000,Director+,Bachelor's Degree,6,EMP00113
EMP00116,Bobby,Lopez,Male,36,African,Marketing,Marketing Analyst,Senior,Remote - Kenya,2020-11-09,,Active,No,,69,Meets Expectations,95000,Senior,Master's Degree,14,EMP00067
EMP00117,Kurt,Leonard,Male,33,African,Product,Product Manager,Manager,Nairobi Office,2020-09-07,,Active,No,,71,Meets Expectations,160000,Lead/Manager,Diploma / Certificate,13,EMP00080
EMP00118,Cynthia,Wilson,Female,24,European,Finance,FP&A Analyst,Mid-Level,Nairobi Office,2025-06-27,,Active,No,,14,Exceeds Expectations,82000,Mid,Diploma / Certificate,0,EMP00038
EMP00119,Steve,Sanchez,Male,43,African,Customer Success,CS Team Lead,Manager,Mombasa HQ,2025-12-30,,Active,No,,8,Meets Expectations,179000,Lead/Manager,Bachelor's Degree,23,
EMP00120,Kristopher,Harvey,Male,40,Other,Marketing,Digital Marketing Manager,Manager,Nairobi Office,2020-05-15,,Active,No,,75,Meets Expectations,199000,Lead/Manager,Diploma / Certificate,20,
EMP00121,Jennifer,Silva,Female,40,Mixed Heritage,Sales,Regional Sales Director,Director+,Nairobi Office,2023-03-01,,Active,No,,42,Outstanding,358000,Director+,Master's Degree,20,
EMP00122,Joseph,Donovan,Male,26,African,Sales,Regional Sales Director,Director+,Mombasa HQ,2023-11-23,,Active,No,,33,Exceeds Expectations,301000,Director+,Bachelor's Degree,6,
EMP00123,Dan,Moran,Male,45,African,Sales,Account Executive,Mid-Level,Nairobi Office,2024-06-26,,Active,No,,26,Meets Expectations,74000,Mid,Bachelor's Degree,23,EMP00106
EMP00124,Cynthia,Foster,Female,22,African,IT Support,Helpdesk Analyst,Senior,Mombasa HQ,2026-06-20,,Active,No,,2,Meets Expectations,92000,Senior,Doctorate,0,
EMP00125,Michael,Evans,Male,38,African,Engineering,DevOps Engineer,Mid-Level,Mombasa HQ,2022-04-06,,Active,No,,52,Meets Expectations,51000,Mid,Master's Degree,15,EMP00069
EMP00126,Eugene,Walton,Male,51,African,Operations,Process Improvement Lead,Manager,Mombasa HQ,2023-03-21,,Active,No,,41,Exceeds Expectations,164000,Lead/Manager,Bachelor's Degree,30,EMP00124
EMP00127,Angel,Ellis,Female,26,African,Customer Success,Support Specialist,Senior,Mombasa HQ,2022-01-23,2026-02-25,Terminated,Yes,Resignation - Better Opportunity,49,Needs Improvement,117000,Senior,Bachelor's Degree,2,EMP00089
EMP00128,Zachary,Ferrell,Male,29,Asian,Engineering,QA Engineer,Senior,Nairobi Office,2024-05-05,,Active,No,,27,Meets Expectations,136000,Senior,High School,9,EMP00059
EMP00129,Benjamin,Lewis,Male,34,African,Product,UX Designer,Mid-Level,Mombasa HQ,2021-03-28,,Active,No,,65,Meets Expectations,72000,Mid,Master's Degree,14,EMP00077
EMP00130,Deborah,Mahoney,Female,29,African,Human Resources,Recruiter,Mid-Level,Nairobi Office,2025-04-20,,Active,No,,16,Exceeds Expectations,65000,Mid,Master's Degree,7,EMP00038
EMP00131,Shirley,Suarez,Female,22,Mixed Heritage,Engineering,Engineering Manager,Manager,Mombasa HQ,2026-05-21,,Active,No,,3,Meets Expectations,216000,Lead/Manager,Bachelor's Degree,0,
EMP00132,Jacob,Moore,Male,34,African,Finance,Accountant,Entry,Nairobi Office,2021-05-16,,Active,No,,63,Needs Improvement,38000,Entry,High School,11,EMP00105
EMP00133,Roy,Warner,Male,25,African,Customer Success,Onboarding Specialist,Mid-Level,Mombasa HQ,2023-06-14,,Active,No,,38,Exceeds Expectations,53000,Mid,Bachelor's Degree,5,EMP00107
EMP00134,Logan,Archer,Male,37,Asian,Product,Product Analyst,Senior,Mombasa HQ,2026-07-26,,Active,No,,1,Exceeds Expectations,87000,Senior,Diploma / Certificate,13,EMP00127
EMP00135,Martha,Smith,Female,26,African,Product,Product Analyst,Senior,Remote - East Africa,2025-03-24,2025-11-11,Terminated,Yes,Termination - Performance,7,Meets Expectations,111000,Senior,Diploma / Certificate,6,EMP00104
EMP00136,Ruth,Evans,Female,46,Other,Marketing,Marketing Analyst,Mid-Level,Mombasa HQ,2023-09-29,,Active,No,,35,Meets Expectations,61000,Mid,Bachelor's Degree,23,EMP00003
EMP00137,Mary,Mcmillan,Female,27,African,Engineering,Engineering Manager,Manager,Remote - Kenya,2021-01-12,,Active,No,,67,Exceeds Expectations,195000,Lead/Manager,Bachelor's Degree,7,EMP00076
EMP00138,Brandy,Wilson,Female,31,African,Engineering,Senior Software Engineer,Senior,Remote - East Africa,2022-01-02,,Active,No,,55,Exceeds Expectations,97000,Senior,Bachelor's Degree,7,EMP00064
EMP00139,Ashley,Tran,Female,40,African,Finance,FP&A Analyst,Senior,Nairobi Office,2025-12-23,,Active,No,,8,Meets Expectations,90000,Senior,High School,14,EMP00134
EMP00140,Dominic,Jacobs,Male,24,European,Operations,Operations Manager,Manager,Nairobi Office,2025-12-05,,Active,No,,8,Needs Improvement,197000,Lead/Manager,Bachelor's Degree,4,EMP00006
EMP00141,Michelle,Harris,Female,35,African,Engineering,Software Engineer,Senior,Remote - East Africa,2021-05-17,,Active,No,,63,Exceeds Expectations,117000,Senior,High School,13,EMP00108
EMP00142,Madison,Baker,Female,44,African,Engineering,DevOps Engineer,Mid-Level,Remote - International,2019-05-05,2025-07-12,Terminated,Yes,Resignation - Personal/Family,74,Meets Expectations,82000,Mid,Master's Degree,19,EMP00006
EMP00143,John,Whitehead,Male,22,Asian,Legal & Compliance,Compliance Officer,Mid-Level,Mombasa HQ,2026-04-13,,Active,No,,4,Exceeds Expectations,67000,Mid,Diploma / Certificate,0,EMP00005
EMP00144,Ryan,Davis,Male,35,African,Engineering,Software Engineer,Mid-Level,Mombasa HQ,2021-09-30,,Active,No,,59,Exceeds Expectations,46000,Mid,High School,15,EMP00075
EMP00145,Jeff,Hill,Male,36,Asian,Engineering,Tech Lead,Manager,Mombasa HQ,2025-01-23,,Active,No,,19,Meets Expectations,186000,Lead/Manager,Master's Degree,15,EMP00045
EMP00146,April,Wise,Female,40,African,Customer Success,Onboarding Specialist,Mid-Level,Remote - East Africa,2018-11-10,,Active,No,,93,Meets Expectations,47000,Mid,Bachelor's Degree,16,EMP00058
EMP00147,Mandy,Green,Female,24,African,Engineering,Tech Lead,Manager,Remote - Kenya,2023-09-12,,Active,No,,35,Meets Expectations,152000,Lead/Manager,Bachelor's Degree,3,EMP00095
EMP00148,Patrick,Arnold,Male,23,African,Sales,Account Executive,Entry,Mombasa HQ,2024-10-14,,Active,No,,22,Exceeds Expectations,33000,Entry,High School,2,EMP00004
EMP00149,Jessica,Smith,Female,38,Other,Engineering,Senior Software Engineer,Senior,Mombasa HQ,2019-11-22,,Active,No,,81,Meets Expectations,138000,Senior,Bachelor's Degree,18,EMP00120
EMP00150,Benjamin,Ware,Male,36,African,Operations,Supply Chain Analyst,Mid-Level,Mombasa HQ,2024-05-22,,Active,No,,27,Meets Expectations,59000,Mid,Master's Degree,13,
EMP00151,Stephanie,Gardner,Female,36,African,Engineering,QA Engineer,Mid-Level,Remote - East Africa,2020-06-29,,Active,No,,74,Meets Expectations,62000,Mid,Bachelor's Degree,16,EMP00126
EMP00152,Ruben,Aguilar,Male,36,European,Operations,Supply Chain Analyst,Mid-Level,Mombasa HQ,2026-04-16,2026-07-27,Terminated,Yes,Resignation - Better Opportunity,3,Needs Improvement,74000,Mid,Bachelor's Degree,16,EMP00018
EMP00153,Brittany,Anderson,Female,28,African,Finance,Financial Analyst,Mid-Level,Mombasa HQ,2021-03-13,,Active,No,,65,Meets Expectations,63000,Mid,Master's Degree,8,EMP00138
EMP00154,Elizabeth,Nolan,Female,35,Mixed Heritage,Legal & Compliance,Legal Counsel,Mid-Level,Nairobi Office,2024-12-31,,Active,No,,20,Meets Expectations,73000,Mid,Diploma / Certificate,15,EMP00021
EMP00155,Robert,Valencia,Male,36,African,Engineering,DevOps Engineer,Mid-Level,Remote - Kenya,2019-05-20,2023-10-19,Terminated,Yes,Resignation - Personal/Family,52,Meets Expectations,55000,Mid,Master's Degree,16,EMP00022
EMP00156,Steven,Clark,Male,28,Other,Operations,Logistics Specialist,Senior,Mombasa HQ,2024-04-19,,Active,No,,28,Meets Expectations,103000,Senior,Master's Degree,7,EMP00072
EMP00157,David,Garcia,Male,48,African,Product,Product Manager,Manager,Nairobi Office,2022-03-15,,Active,No,,53,Meets Expectations,154000,Lead/Manager,Diploma / Certificate,28,EMP00139
EMP00158,Kimberly,Henson,Non-Binary,37,Asian,Engineering,Tech Lead,Manager,Remote - East Africa,2025-07-28,,Active,No,,13,Meets Expectations,151000,Lead/Manager,Bachelor's Degree,13,
EMP00159,Richard,Oliver,Non-Binary,24,African,Legal & Compliance,Compliance Officer,Entry,Remote - Kenya,2025-08-17,,Active,No,,12,Meets Expectations,30000,Entry,Bachelor's Degree,2,EMP00019
EMP00160,Brittany,Spears,Female,39,African,Sales,Account Executive,Entry,Mombasa HQ,2023-03-19,,Active,No,,41,Meets Expectations,41000,Entry,Bachelor's Degree,17,EMP00143
EMP00161,Sean,Cherry,Male,26,African,Customer Success,Onboarding Specialist,Mid-Level,Nairobi Office,2025-01-12,,Active,No,,19,Exceeds Expectations,49000,Mid,Master's Degree,1,EMP00063
EMP00162,Rita,Keith,Female,40,African,Customer Success,Support Specialist,Senior,Mombasa HQ,2023-07-29,,Active,No,,37,Needs Improvement,94000,Senior,Diploma / Certificate,20,EMP00161
EMP00163,Allison,Doyle,Female,43,African,Operations,Process Improvement Lead,Manager,Remote - East Africa,2022-05-29,,Active,No,,51,Meets Expectations,156000,Lead/Manager,Master's Degree,23,EMP00153
EMP00164,Gary,Galvan,Male,27,African,Sales,Sales Manager,Manager,Remote - East Africa,2023-05-27,,Active,No,,39,Outstanding,188000,Lead/Manager,Diploma / Certificate,4,
EMP00165,Robert,Shields,Male,41,African,Marketing,Brand Manager,Manager,Mombasa HQ,2020-07-01,,Active,No,,74,Outstanding,169000,Lead/Manager,Doctorate,21,EMP00018
EMP00166,Rita,Adams,Female,37,African,Marketing,Brand Manager,Manager,Nairobi Office,2021-12-03,2025-06-09,Terminated,Yes,Resignation - Compensation,42,Meets Expectations,194000,Lead/Manager,Diploma / Certificate,17,EMP00108
EMP00167,Richard,Rodriguez,Male,40,European,Operations,Supply Chain Analyst,Senior,Remote - International,2019-03-20,,Active,No,,89,Needs Improvement,130000,Senior,Diploma / Certificate,20,EMP00103
EMP00168,Shelby,Garrison,Female,49,African,Legal & Compliance,Compliance Officer,Mid-Level,Nairobi Office,2020-02-28,,Active,No,,78,Meets Expectations,62000,Mid,Bachelor's Degree,27,EMP00129
EMP00169,Daniel,Velasquez,Male,32,African,Sales,Sales Representative,Mid-Level,Mombasa HQ,2023-03-04,,Active,No,,41,Meets Expectations,57000,Mid,Master's Degree,11,
EMP00170,Joe,Torres,Male,27,African,Finance,Controller,Entry,Nairobi Office,2024-10-28,,Active,No,,22,Meets Expectations,31000,Entry,Master's Degree,7,EMP00110
EMP00171,Rebecca,Perez,Female,26,African,Legal & Compliance,Legal Counsel,Mid-Level,Mombasa HQ,2024-02-24,,Active,No,,30,Exceeds Expectations,70000,Mid,Bachelor's Degree,1,EMP00017
EMP00172,Allison,Lee,Female,27,African,Customer Success,Support Specialist,Mid-Level,Remote - East Africa,2022-04-24,,Active,No,,52,Meets Expectations,53000,Mid,Bachelor's Degree,7,EMP00077
EMP00173,Erin,Lin,Female,33,African,Product,Product Manager,Manager,Nairobi Office,2025-01-30,,Active,No,,19,Meets Expectations,194000,Lead/Manager,Diploma / Certificate,13,EMP00163
EMP00174,Walter,Ramirez,Male,36,African,Operations,Operations Manager,Manager,Mombasa HQ,2026-01-25,,Active,No,,7,Meets Expectations,184000,Lead/Manager,Bachelor's Degree,15,EMP00144
EMP00175,Martin,Ross,Male,36,African,Operations,Logistics Specialist,Mid-Level,Mombasa HQ,2024-03-12,,Active,No,,29,Meets Expectations,65000,Mid,Diploma / Certificate,10,EMP00127
EMP00176,William,Herrera,Male,40,Other,Operations,Operations Coordinator,Mid-Level,Remote - East Africa,2021-09-20,,Active,No,,59,Meets Expectations,56000,Mid,Bachelor's Degree,20,EMP00077
EMP00177,Todd,Wilson,Male,34,African,Marketing,Marketing Specialist,Mid-Level,Nairobi Office,2020-01-28,,Active,No,,79,Meets Expectations,59000,Mid,Doctorate,12,EMP00053
EMP00178,Wesley,White,Male,45,African,Marketing,Marketing Specialist,Mid-Level,Remote - Kenya,2020-03-31,,Active,No,,77,Outstanding,66000,Mid,Master's Degree,23,
EMP00179,Victor,Baker,Male,31,African,Legal & Compliance,Compliance Officer,Mid-Level,Nairobi Office,2018-09-10,,Active,No,,95,Exceeds Expectations,85000,Mid,Master's Degree,9,
EMP00180,Brian,Hamilton,Male,55,Asian,Customer Success,Onboarding Specialist,Mid-Level,Dar es Salaam,2022-07-13,,Active,No,,49,Meets Expectations,48000,Mid,Bachelor's Degree,35,EMP00024
EMP00181,Nicholas,Edwards,Male,39,Asian,Finance,Controller,Mid-Level,Nairobi Office,2021-02-13,,Active,No,,66,Meets Expectations,73000,Mid,Bachelor's Degree,15,EMP00125
EMP00182,Larry,Dixon,Male,27,African,Human Resources,HR Business Partner,Entry,Remote - Kenya,2021-07-20,,Active,No,,61,Meets Expectations,38000,Entry,Master's Degree,7,
EMP00183,Janice,Ray,Female,25,African,Customer Success,Support Specialist,Senior,Nairobi Office,2024-06-12,,Active,No,,26,Exceeds Expectations,133000,Senior,Diploma / Certificate,2,
EMP00184,Dawn,Fletcher,Female,37,African,Sales,Account Executive,Mid-Level,Mombasa HQ,2021-12-07,,Active,No,,56,Meets Expectations,50000,Mid,High School,13,EMP00027
EMP00185,Aaron,Frost,Male,32,Asian,Engineering,Engineering Manager,Manager,Nairobi Office,2020-09-20,,Active,No,,71,Meets Expectations,151000,Lead/Manager,Diploma / Certificate,9,
EMP00186,Kimberly,Ball,Female,39,Asian,Product,Product Owner,Mid-Level,Remote - Kenya,2021-11-08,2023-07-28,Terminated,Yes,Resignation - Career Growth,20,Meets Expectations,48000,Mid,Bachelor's Degree,16,EMP00073
EMP00187,Natalie,Lambert,Female,37,African,Human Resources,HR Business Partner,Mid-Level,Nairobi Office,2019-06-04,,Active,No,,86,Outstanding,71000,Mid,Bachelor's Degree,14,
EMP00188,Jackson,Jones,Male,33,African,Operations,Process Improvement Lead,Manager,Remote - Kenya,2022-05-01,,Active,No,,52,Meets Expectations,146000,Lead/Manager,Bachelor's Degree,10,EMP00019
EMP00189,Matthew,Rivera,Male,27,Mixed Heritage,Sales,Sales Representative,Entry,Remote - Kenya,2021-01-18,,Active,No,,67,Meets Expectations,29000,Entry,Bachelor's Degree,7,EMP00040
EMP00190,Erik,Charles,Male,22,Other,Engineering,Engineering Manager,Manager,Mombasa HQ,2025-11-05,,Active,No,,9,Exceeds Expectations,146000,Lead/Manager,Diploma / Certificate,1,
EMP00191,Michelle,Evans,Female,30,African,Legal & Compliance,Legal Counsel,Entry,Remote - International,2019-04-16,2020-12-28,Terminated,Yes,Resignation - Career Growth,20,Meets Expectations,27000,Entry,Bachelor's Degree,10,EMP00185
EMP00192,Eric,Ortiz,Male,40,African,Engineering,Engineering Manager,Manager,Nairobi Office,2021-11-08,2026-01-04,Terminated,Yes,Mutual Agreement,49,Meets Expectations,150000,Lead/Manager,Master's Degree,20,EMP00015
EMP00193,Jennifer,Phillips,Female,35,Asian,Operations,Process Improvement Lead,Manager,Mombasa HQ,2020-12-17,,Active,No,,68,Needs Improvement,153000,Lead/Manager,Master's Degree,14,EMP00039
EMP00194,Cameron,Fisher,Male,24,African,Sales,Sales Representative,Mid-Level,Mombasa HQ,2024-11-15,2026-01-30,Terminated,Yes,Resignation - Better Opportunity,14,Exceeds Expectations,82000,Mid,Bachelor's Degree,4,EMP00133
EMP00195,Teresa,Byrd,Female,35,European,IT Support,Systems Administrator,Entry,Remote - Kenya,2026-07-31,,Active,No,,1,Exceeds Expectations,34000,Entry,Bachelor's Degree,12,EMP00095
EMP00196,Steven,Gilbert,Male,37,African,Customer Success,Onboarding Specialist,Senior,Remote - Kenya,2022-01-26,,Active,No,,55,Exceeds Expectations,128000,Senior,Master's Degree,14,
EMP00197,Eric,Kelley,Male,26,African,Engineering,Tech Lead,Manager,Mombasa HQ,2023-11-29,,Active,No,,33,Meets Expectations,170000,Lead/Manager,Diploma / Certificate,6,
EMP00198,April,Mitchell,Female,35,Asian,Engineering,QA Engineer,Mid-Level,Mombasa HQ,2019-07-10,2026-01-19,Terminated,Yes,Resignation - Better Opportunity,78,Exceeds Expectations,81000,Mid,Bachelor's Degree,10,EMP00081
EMP00199,Jessica,Carpenter,Female,34,African,Product,Product Owner,Mid-Level,Nairobi Office,2020-02-11,2025-04-26,Terminated,Yes,Resignation - Compensation,62,Meets Expectations,74000,Mid,High School,12,EMP00054
EMP00200,Mary,Marshall,Female,24,African,Operations,Logistics Specialist,Mid-Level,Mombasa HQ,2025-06-18,,Active,No,,14,Meets Expectations,50000,Mid,Master's Degree,0,EMP00132
EMP00201,Scott,Lewis,Non-Binary,36,African,Sales,Sales Manager,Manager,Mombasa HQ,2020-07-01,,Active,No,,74,Exceeds Expectations,161000,Lead/Manager,Bachelor's Degree,15,
EMP00202,John,Santana,Male,38,African,Marketing,Content Manager,Manager,Mombasa HQ,2020-02-05,,Active,No,,78,Needs Improvement,150000,Lead/Manager,Bachelor's Degree,18,
EMP00203,Rebecca,Jackson,Female,42,African,Marketing,Marketing Specialist,Senior,Remote - Kenya,2021-10-23,,Active,No,,58,Needs Improvement,131000,Senior,Bachelor's Degree,22,EMP00055
EMP00204,Angela,Robertson,Female,42,African,Product,UX Designer,Entry,Nairobi Office,2022-01-18,,Active,No,,55,Meets Expectations,43000,Entry,Diploma / Certificate,21,EMP00165
EMP00205,Mark,Rogers,Male,22,Other,Product,Product Analyst,Senior,Mombasa HQ,2025-11-27,,Active,No,,9,Meets Expectations,129000,Senior,Master's Degree,1,EMP00007
EMP00206,Robert,Potter,Male,26,African,Engineering,Senior Software Engineer,Senior,Mombasa HQ,2024-08-30,,Active,No,,24,Outstanding,87000,Senior,Master's Degree,5,EMP00069
EMP00207,Michael,Walker,Male,38,Other,Operations,Operations Coordinator,Senior,Kampala,2024-01-07,,Active,No,,31,Exceeds Expectations,137000,Senior,Bachelor's Degree,16,
EMP00208,Christina,Johnson,Female,38,Other,Finance,FP&A Analyst,Mid-Level,Nairobi Office,2023-03-16,2023-09-07,Terminated,Yes,Resignation - Better Opportunity,5,Meets Expectations,68000,Mid,Master's Degree,17,
EMP00209,Danielle,Alvarez,Female,38,Asian,Product,Product Analyst,Senior,Remote - East Africa,2025-01-04,,Active,No,,19,Exceeds Expectations,104000,Senior,Master's Degree,16,EMP00019
EMP00210,Sarah,Jones,Female,62,African,Engineering,Tech Lead,Manager,Mombasa HQ,2021-10-08,,Active,No,,58,Exceeds Expectations,172000,Lead/Manager,Diploma / Certificate,42,EMP00178
EMP00211,Jennifer,Soto,Female,38,African,Product,UX Designer,Entry,Remote - International,2026-08-25,,Active,No,,1,Meets Expectations,37000,Entry,Bachelor's Degree,16,EMP00009
EMP00212,Cory,Horton,Male,43,African,Engineering,Engineering Manager,Manager,Mombasa HQ,2022-12-15,,Active,No,,44,Outstanding,214000,Lead/Manager,Bachelor's Degree,19,EMP00023
EMP00213,Kathleen,Sanchez,Female,41,African,Marketing,Digital Marketing Manager,Manager,Mombasa HQ,2026-08-27,,Active,No,,1,Meets Expectations,176000,Lead/Manager,High School,17,EMP00097
EMP00214,Matthew,Smith,Male,39,African,Engineering,DevOps Engineer,Mid-Level,Mombasa HQ,2025-11-04,2026-01-08,Terminated,Yes,Resignation - Personal/Family,2,Outstanding,64000,Mid,Bachelor's Degree,19,EMP00097
EMP00215,Nicole,Carrillo,Female,31,African,Sales,Sales Representative,Mid-Level,Nairobi Office,2026-04-28,,Active,No,,4,Meets Expectations,81000,Mid,Bachelor's Degree,11,
EMP00216,Brian,Coleman,Male,40,Mixed Heritage,Engineering,Senior Software Engineer,Senior,Nairobi Office,2024-01-03,,Active,No,,31,Meets Expectations,108000,Senior,Bachelor's Degree,18,
EMP00217,Christopher,Rubio,Male,27,African,Sales,Sales Representative,Entry,Remote - East Africa,2023-05-25,,Active,No,,39,Meets Expectations,38000,Entry,High School,7,EMP00170
EMP00218,Kelly,Williams,Female,32,European,Engineering,Tech Lead,Manager,Nairobi Office,2023-09-19,,Active,No,,35,Exceeds Expectations,184000,Lead/Manager,Bachelor's Degree,7,
EMP00219,David,Charles,Male,30,African,Customer Success,Customer Success Manager,Manager,Nairobi Office,2025-12-26,,Active,No,,8,Meets Expectations,193000,Lead/Manager,Bachelor's Degree,10,EMP00122
EMP00220,Jesus,Solis,Male,34,African,Customer Success,Support Specialist,Mid-Level,Nairobi Office,2019-01-26,,Active,No,,91,Outstanding,48000,Mid,Bachelor's Degree,12,EMP00043
EMP00221,Elizabeth,Travis,Non-Binary,52,African,Legal & Compliance,Legal Counsel,Entry,Mombasa HQ,2023-10-11,,Active,No,,34,Exceeds Expectations,33000,Entry,Doctorate,32,EMP00142
EMP00222,Kyle,Dodson,Male,22,African,Engineering,Engineering Manager,Manager,Kampala,2026-01-30,2026-06-11,Terminated,Yes,Resignation - Career Growth,4,Exceeds Expectations,182000,Lead/Manager,Bachelor's Degree,0,EMP00145
EMP00223,Steven,Salazar,Male,39,African,Human Resources,HR Generalist,Mid-Level,Remote - Kenya,2021-05-13,,Active,No,,63,Meets Expectations,80000,Mid,Bachelor's Degree,17,EMP00010
EMP00224,Michelle,Wagner,Female,22,African,Engineering,Engineering Manager,Manager,Nairobi Office,2026-03-13,,Active,No,,5,Meets Expectations,195000,Lead/Manager,Bachelor's Degree,0,EMP00026
EMP00225,Sandra,Kelley,Female,30,Asian,Legal & Compliance,Legal Counsel,Entry,Nairobi Office,2019-06-06,,Active,No,,86,Exceeds Expectations,44000,Entry,Bachelor's Degree,9,EMP00133
EMP00226,Stephanie,Manning,Female,42,African,Marketing,Marketing Specialist,Mid-Level,Mombasa HQ,2026-05-06,,Active,No,,3,Meets Expectations,51000,Mid,Diploma / Certificate,20,
EMP00227,Karen,Green,Female,34,Asian,Sales,Sales Manager,Manager,Remote - International,2026-04-29,,Active,No,,4,Meets Expectations,196000,Lead/Manager,Bachelor's Degree,14,EMP00142
EMP00228,Danielle,Walsh,Female,25,Asian,Engineering,Senior Software Engineer,Senior,Dar es Salaam,2026-05-23,,Active,No,,3,Outstanding,131000,Senior,Diploma / Certificate,5,EMP00174
EMP00229,Pamela,Boyd,Female,28,Asian,Engineering,Tech Lead,Manager,Mombasa HQ,2025-03-09,,Active,No,,17,Needs Improvement,173000,Lead/Manager,Bachelor's Degree,8,
EMP00230,Lori,Hill,Female,39,African,Finance,Finance Manager,Manager,Mombasa HQ,2019-01-28,,Active,No,,91,Meets Expectations,174000,Lead/Manager,Diploma / Certificate,16,EMP00096
EMP00231,Angela,Mitchell,Female,28,African,Customer Success,CS Team Lead,Manager,Mombasa HQ,2023-09-28,,Active,No,,35,Exceeds Expectations,164000,Lead/Manager,Doctorate,6,EMP00062
EMP00232,Devon,Flores,Male,35,African,Product,Product Owner,Mid-Level,Mombasa HQ,2022-02-17,2026-04-07,Terminated,Yes,Mutual Agreement,49,Exceeds Expectations,72000,Mid,Doctorate,14,EMP00176
EMP00233,Joshua,Taylor,Male,34,European,Operations,Logistics Specialist,Senior,Kampala,2023-05-17,2024-12-26,Terminated,Yes,Resignation - Career Growth,19,Meets Expectations,122000,Senior,Master's Degree,9,EMP00086
EMP00234,Crystal,Benson,Female,28,Asian,Customer Success,Support Specialist,Mid-Level,Kampala,2023-05-16,2023-11-01,Terminated,Yes,Termination - Restructuring,5,Meets Expectations,75000,Mid,Bachelor's Degree,8,
EMP00235,Michelle,Brown,Female,51,African,Product,Product Manager,Manager,Remote - International,2024-06-03,,Active,No,,26,Exceeds Expectations,209000,Lead/Manager,High School,29,
EMP00236,Jason,Daniels,Male,39,African,Marketing,Content Manager,Manager,Remote - East Africa,2021-08-07,,Active,No,,60,Meets Expectations,202000,Lead/Manager,Diploma / Certificate,17,EMP00196
EMP00237,Jennifer,Clark,Female,22,Mixed Heritage,Human Resources,Recruiter,Mid-Level,Remote - East Africa,2026-05-22,,Active,No,,3,Exceeds Expectations,70000,Mid,Bachelor's Degree,2,EMP00005
EMP00238,Jennifer,Stein,Female,35,African,Finance,Accountant,Entry,Remote - Kenya,2025-12-08,,Active,No,,8,Meets Expectations,43000,Entry,Bachelor's Degree,12,EMP00087
EMP00239,Kevin,Dominguez,Male,28,African,Operations,Operations Manager,Manager,Mombasa HQ,2024-02-09,,Active,No,,30,Meets Expectations,167000,Lead/Manager,Diploma / Certificate,3,EMP00032
EMP00240,Shannon,Cannon,Female,40,African,Engineering,Tech Lead,Manager,Mombasa HQ,2020-01-04,,Active,No,,79,Exceeds Expectations,203000,Lead/Manager,Bachelor's Degree,14,EMP00107
EMP00241,Jamie,Smith,Female,27,African,Operations,Operations Coordinator,Mid-Level,Mombasa HQ,2025-07-15,,Active,No,,13,Meets Expectations,64000,Mid,Bachelor's Degree,6,EMP00027
EMP00242,Heather,Molina,Female,33,African,Operations,Process Improvement Lead,Manager,Mombasa HQ,2020-10-20,,Active,No,,70,Meets Expectations,149000,Lead/Manager,Diploma / Certificate,12,
EMP00243,Scott,Ashley,Male,38,European,Finance,Controller,Entry,Nairobi Office,2025-08-29,2025-12-18,Terminated,Yes,Termination - Restructuring,3,Exceeds Expectations,25000,Entry,Master's Degree,14,EMP00068
EMP00244,Jason,Adkins,Male,40,African,Operations,Operations Coordinator,Senior,Dar es Salaam,2025-05-15,,Active,No,,15,Needs Improvement,133000,Senior,Bachelor's Degree,20,EMP00044
EMP00245,Joshua,Morrison,Male,24,African,Engineering,DevOps Engineer,Senior,Dar es Salaam,2024-06-04,,Active,No,,26,Meets Expectations,100000,Senior,Bachelor's Degree,4,EMP00167
EMP00246,Connie,Robinson,Female,31,Mixed Heritage,Product,Product Analyst,Mid-Level,Nairobi Office,2021-04-03,,Active,No,,64,Meets Expectations,73000,Mid,Diploma / Certificate,10,EMP00008
EMP00247,Jeffrey,Johnson,Male,30,European,Marketing,Content Manager,Manager,Remote - East Africa,2019-04-29,,Active,No,,88,Exceeds Expectations,179000,Lead/Manager,Bachelor's Degree,10,EMP00145
EMP00248,George,Shelton,Male,28,African,Engineering,Tech Lead,Manager,Mombasa HQ,2023-11-18,,Active,No,,33,Exceeds Expectations,210000,Lead/Manager,Bachelor's Degree,8,EMP00157
EMP00249,Jared,Martin,Male,48,African,Sales,Account Executive,Mid-Level,Remote - East Africa,2022-12-16,2024-05-15,Terminated,Yes,Resignation - Compensation,16,Meets Expectations,64000,Mid,Bachelor's Degree,25,
EMP00250,John,Anderson,Male,37,African,Operations,Process Improvement Lead,Manager,Nairobi Office,2019-05-05,,Active,No,,87,Needs Improvement,176000,Lead/Manager,Diploma / Certificate,17,
EMP00251,Lisa,Johnson,Female,23,African,Legal & Compliance,Paralegal,Entry,Nairobi Office,2026-01-16,,Active,No,,7,Exceeds Expectations,35000,Entry,Master's Degree,0,EMP00094
EMP00252,Jennifer,Elliott,Female,41,African,Finance,Financial Analyst,Mid-Level,Remote - Kenya,2020-10-24,2022-10-26,Terminated,Yes,Resignation - Compensation,24,Exceeds Expectations,71000,Mid,Bachelor's Degree,21,EMP00066
EMP00253,Alyssa,Day,Female,50,Asian,Customer Success,Support Specialist,Mid-Level,Mombasa HQ,2022-01-08,,Active,No,,55,Exceeds Expectations,79000,Mid,Diploma / Certificate,26,EMP00118
EMP00254,Chad,Murray,Male,42,African,Customer Success,Support Specialist,Senior,Mombasa HQ,2020-12-19,,Active,No,,68,Exceeds Expectations,85000,Senior,Bachelor's Degree,19,EMP00027
EMP00255,Anthony,Gray,Male,22,African,Engineering,QA Engineer,Senior,Mombasa HQ,2026-02-10,,Active,No,,6,Meets Expectations,103000,Senior,Bachelor's Degree,1,EMP00180
EMP00256,Christine,Murphy,Female,30,Asian,Product,UX Designer,Mid-Level,Remote - Kenya,2024-04-26,,Active,No,,28,Meets Expectations,67000,Mid,Bachelor's Degree,8,EMP00167
EMP00257,Paige,Gray,Female,44,African,Legal & Compliance,Legal Counsel,Mid-Level,Dar es Salaam,2020-04-08,,Active,No,,76,Exceeds Expectations,73000,Mid,Bachelor's Degree,23,EMP00109
EMP00258,Nicole,Decker,Female,28,African,Marketing,Marketing Analyst,Mid-Level,Mombasa HQ,2023-11-10,2026-03-22,Terminated,Yes,Resignation - Personal/Family,28,Exceeds Expectations,60000,Mid,Bachelor's Degree,7,EMP00027
EMP00259,Darlene,Miller,Female,37,Asian,Customer Success,Support Specialist,Senior,Remote - East Africa,2019-03-21,,Active,No,,89,Meets Expectations,116000,Senior,Master's Degree,17,EMP00142
EMP00260,Alec,Ryan,Male,40,European,Sales,Sales Manager,Manager,Remote - Kenya,2018-10-07,,Active,No,,94,Meets Expectations,156000,Lead/Manager,Bachelor's Degree,20,EMP00186
EMP00261,Zoe,Bell,Female,26,Mixed Heritage,Legal & Compliance,Compliance Officer,Mid-Level,Nairobi Office,2026-06-10,,Active,No,,2,Meets Expectations,84000,Mid,Bachelor's Degree,6,EMP00085
EMP00262,Matthew,Harrington,Male,33,African,Operations,Operations Manager,Manager,Remote - East Africa,2023-04-17,,Active,No,,40,Meets Expectations,143000,Lead/Manager,Bachelor's Degree,12,EMP00057
EMP00263,Marissa,Webster,Female,22,African,Legal & Compliance,Paralegal,Entry,Remote - East Africa,2025-09-27,,Active,No,,11,Meets Expectations,35000,Entry,Diploma / Certificate,0,EMP00144
EMP00264,Tiffany,Gonzalez,Female,25,African,Marketing,Marketing Specialist,Mid-Level,Mombasa HQ,2022-11-04,,Active,No,,45,Exceeds Expectations,59000,Mid,Master's Degree,2,EMP00186
EMP00265,Alex,Hernandez,Male,31,African,Engineering,QA Engineer,Senior,Mombasa HQ,2020-11-27,2026-07-08,Terminated,Yes,End of Contract,67,Meets Expectations,106000,Senior,High School,10,
EMP00266,Beth,Caldwell,Female,24,African,Finance,Accountant,Mid-Level,Mombasa HQ,2026-04-07,,Active,No,,4,Meets Expectations,62000,Mid,Bachelor's Degree,4,
EMP00267,Justin,Robinson,Male,47,African,Sales,Sales Manager,Manager,Mombasa HQ,2019-08-08,,Active,No,,84,Meets Expectations,185000,Lead/Manager,Diploma / Certificate,25,
EMP00268,Michael,Wang,Male,22,African,Finance,Financial Analyst,Senior,Mombasa HQ,2025-09-15,2026-06-26,Terminated,Yes,Resignation - Personal/Family,9,Exceeds Expectations,117000,Senior,Master's Degree,2,EMP00057
EMP00269,Christopher,Lawson,Male,30,African,Sales,Regional Sales Director,Director+,Nairobi Office,2019-05-28,,Active,No,,87,Meets Expectations,347000,Director+,Bachelor's Degree,10,
EMP00270,Nicole,Wilson,Female,35,African,Sales,Business Development Rep,Entry,Mombasa HQ,2022-01-15,,Active,No,,55,Meets Expectations,36000,Entry,Bachelor's Degree,12,EMP00065
EMP00271,Robert,Oconnell,Male,45,African,Engineering,Senior Software Engineer,Senior,Mombasa HQ,2019-06-10,,Active,No,,86,Needs Improvement,122000,Senior,Bachelor's Degree,22,EMP00125
EMP00272,Ashley,Johnson,Female,22,African,Legal & Compliance,Compliance Officer,Entry,Mombasa HQ,2026-01-14,,Active,No,,7,Exceeds Expectations,38000,Entry,Master's Degree,1,EMP00081
EMP00273,Emily,Byrd,Female,43,Asian,Legal & Compliance,Legal Counsel,Entry,Nairobi Office,2019-01-18,,Active,No,,91,Meets Expectations,30000,Entry,Bachelor's Degree,20,EMP00142
EMP00274,Tyler,Sanders,Male,34,European,Sales,Business Development Rep,Entry,Remote - East Africa,2025-10-28,,Active,No,,10,Exceeds Expectations,31000,Entry,Diploma / Certificate,14,EMP00197
EMP00275,Miguel,Jones,Male,26,Other,Customer Success,Customer Success Manager,Manager,Mombasa HQ,2024-06-20,,Active,No,,26,Exceeds Expectations,184000,Lead/Manager,Bachelor's Degree,5,EMP00131
EMP00276,Michael,Burton,Male,37,European,Sales,Sales Manager,Manager,Nairobi Office,2024-10-22,,Active,No,,22,Meets Expectations,180000,Lead/Manager,Master's Degree,16,EMP00038
EMP00277,Brian,Barton,Male,35,African,Finance,Controller,Mid-Level,Nairobi Office,2019-03-04,,Active,No,,89,Meets Expectations,47000,Mid,Bachelor's Degree,12,EMP00012
EMP00278,Samuel,Burke,Male,29,African,Sales,Sales Manager,Manager,Nairobi Office,2020-07-25,,Active,No,,73,Meets Expectations,148000,Lead/Manager,Bachelor's Degree,9,
EMP00279,Barbara,Riggs,Female,34,Asian,Operations,Logistics Specialist,Senior,Mombasa HQ,2026-08-05,,Active,No,,1,Meets Expectations,97000,Senior,Bachelor's Degree,13,EMP00055
EMP00280,Rachel,Reed,Female,30,African,Sales,Account Executive,Entry,Remote - East Africa,2019-02-05,,Active,No,,90,Meets Expectations,39000,Entry,Master's Degree,10,
EMP00281,Jeffrey,Wood,Male,34,European,Sales,Business Development Rep,Mid-Level,Remote - Kenya,2024-08-25,,Active,No,,24,Outstanding,50000,Mid,Diploma / Certificate,13,EMP00187
EMP00282,Katie,Peterson,Female,39,African,Customer Success,CS Team Lead,Manager,Remote - East Africa,2024-03-17,,Active,No,,29,Exceeds Expectations,216000,Lead/Manager,Bachelor's Degree,15,EMP00169
EMP00283,Sarah,Short,Female,46,African,Operations,Operations Manager,Manager,Nairobi Office,2022-05-07,2025-06-10,Terminated,Yes,Termination - Performance,37,Meets Expectations,198000,Lead/Manager,Bachelor's Degree,26,
EMP00284,Brian,Yu,Male,24,European,Sales,Regional Sales Director,Director+,Mombasa HQ,2023-12-19,,Active,No,,32,Meets Expectations,364000,Director+,Bachelor's Degree,2,EMP00174
EMP00285,Mark,Poole,Male,51,African,Customer Success,Onboarding Specialist,Mid-Level,Nairobi Office,2020-01-24,,Active,No,,79,Exceeds Expectations,47000,Mid,Master's Degree,28,EMP00066
EMP00286,Michelle,Graham,Female,22,African,Operations,Operations Manager,Manager,Mombasa HQ,2026-08-30,,Active,No,,1,Meets Expectations,213000,Lead/Manager,Bachelor's Degree,0,
EMP00287,Morgan,Sheppard,Female,32,African,Customer Success,CS Team Lead,Manager,Nairobi Office,2021-12-02,,Active,No,,56,Outstanding,173000,Lead/Manager,Bachelor's Degree,12,EMP00142
EMP00288,Devin,Morton,Male,38,Other,Human Resources,People Operations Specialist,Mid-Level,Nairobi Office,2025-02-13,,Active,No,,18,Exceeds Expectations,67000,Mid,Bachelor's Degree,18,EMP00042
EMP00289,Joshua,Webb,Male,36,African,Sales,Business Development Rep,Mid-Level,Mombasa HQ,2019-07-16,2021-05-01,Terminated,Yes,Resignation - Compensation,21,Meets Expectations,59000,Mid,Bachelor's Degree,16,EMP00095
EMP00290,Jessica,Simon,Female,29,African,Sales,Sales Representative,Mid-Level,Remote - Kenya,2024-09-14,,Active,No,,23,Meets Expectations,82000,Mid,Bachelor's Degree,3,EMP00074
EMP00291,Derrick,Christian,Male,32,African,Engineering,QA Engineer,Mid-Level,Nairobi Office,2025-09-11,,Active,No,,11,Meets Expectations,73000,Mid,Bachelor's Degree,11,EMP00133
EMP00292,Ronald,Miller,Male,30,African,Sales,Sales Representative,Mid-Level,Nairobi Office,2024-02-18,,Active,No,,30,Exceeds Expectations,67000,Mid,Bachelor's Degree,8,EMP00105
EMP00293,Sierra,Sanchez,Female,29,Mixed Heritage,Operations,Process Improvement Lead,Manager,Nairobi Office,2020-03-22,,Active,No,,77,Meets Expectations,146000,Lead/Manager,Master's Degree,9,EMP00087
EMP00294,John,Bishop,Male,40,African,Legal & Compliance,Compliance Officer,Mid-Level,Remote - International,2024-03-13,,Active,No,,29,Meets Expectations,81000,Mid,Diploma / Certificate,20,EMP00003
EMP00295,Jamie,Johnson,Female,36,African,Finance,Finance Manager,Manager,Mombasa HQ,2024-08-31,,Active,No,,24,Exceeds Expectations,160000,Lead/Manager,Master's Degree,16,
EMP00296,Samuel,White,Male,28,European,Product,Product Analyst,Mid-Level,Mombasa HQ,2019-09-25,,Active,No,,83,Meets Expectations,53000,Mid,Diploma / Certificate,6,EMP00127
EMP00297,Christy,Salinas,Female,41,African,Customer Success,Customer Success Manager,Manager,Nairobi Office,2021-03-01,,Active,No,,66,Meets Expectations,208000,Lead/Manager,Master's Degree,17,
EMP00298,Gerald,Beard,Male,36,African,Sales,Regional Sales Director,Director+,Mombasa HQ,2025-04-26,,Active,No,,16,Exceeds Expectations,297000,Director+,Bachelor's Degree,16,
EMP00299,Meredith,Hill,Female,40,African,Sales,Sales Manager,Manager,Remote - Kenya,2022-10-27,,Active,No,,46,Meets Expectations,189000,Lead/Manager,Diploma / Certificate,19,EMP00103
EMP00300,Adam,Vaughan,Male,39,African,Engineering,Senior Software Engineer,Senior,Remote - International,2020-06-10,,Active,No,,74,Meets Expectations,116000,Senior,Master's Degree,16,
EMP00301,Angela,Cortez,Female,27,European,Marketing,Content Manager,Manager,Nairobi Office,2023-02-16,,Active,No,,42,Meets Expectations,174000,Lead/Manager,Bachelor's Degree,6,
EMP00302,John,Chang,Male,29,African,Sales,Account Executive,Mid-Level,Nairobi Office,2020-05-20,,Active,No,,75,Meets Expectations,64000,Mid,Bachelor's Degree,7,EMP00174
EMP00303,Michael,Brewer,Male,39,Other,Legal & Compliance,Legal Counsel,Mid-Level,Nairobi Office,2020-12-11,,Active,No,,68,Exceeds Expectations,71000,Mid,Bachelor's Degree,19,EMP00162
EMP00304,Katherine,Mcguire,Female,38,African,Legal & Compliance,Legal Counsel,Mid-Level,Remote - Kenya,2024-11-07,,Active,No,,21,Exceeds Expectations,82000,Mid,Bachelor's Degree,16,EMP00102
EMP00305,Brandon,Walker,Male,33,African,Engineering,DevOps Engineer,Senior,Remote - Kenya,2026-05-30,,Active,No,,3,Meets Expectations,137000,Senior,Bachelor's Degree,11,EMP00054
EMP00306,Melissa,Torres,Female,34,African,Sales,Sales Representative,Entry,Mombasa HQ,2025-07-03,2026-08-02,Terminated,Yes,End of Contract,12,Meets Expectations,44000,Entry,Bachelor's Degree,8,EMP00114
EMP00307,Lauren,Kennedy,Female,44,African,Customer Success,Support Specialist,Mid-Level,Kampala,2020-08-09,,Active,No,,72,Meets Expectations,52000,Mid,Master's Degree,22,EMP00152
EMP00308,Kiara,Coleman,Female,29,African,Customer Success,Onboarding Specialist,Mid-Level,Mombasa HQ,2023-03-20,,Active,No,,41,Meets Expectations,71000,Mid,Bachelor's Degree,9,EMP00035
EMP00309,Patrick,Rivera,Male,38,Asian,Engineering,DevOps Engineer,Mid-Level,Nairobi Office,2019-12-22,2024-04-29,Terminated,Yes,Resignation - Better Opportunity,52,Exceeds Expectations,73000,Mid,Bachelor's Degree,15,EMP00184
EMP00310,Michele,Nelson,Female,32,African,Finance,Controller,Mid-Level,Mombasa HQ,2018-12-28,,Active,No,,92,Meets Expectations,54000,Mid,Bachelor's Degree,11,EMP00018
EMP00311,Danielle,Martinez,Female,32,African,Engineering,Engineering Manager,Manager,Mombasa HQ,2023-01-27,2026-03-27,Terminated,Yes,Resignation - Better Opportunity,37,Outstanding,149000,Lead/Manager,Bachelor's Degree,8,
EMP00312,Corey,Wilson,Male,42,African,Operations,Operations Coordinator,Mid-Level,Mombasa HQ,2021-06-20,2022-01-30,Terminated,Yes,Termination - Performance,7,Exceeds Expectations,51000,Mid,Bachelor's Degree,19,EMP00019
EMP00313,Joshua,Gill,Male,40,Asian,Operations,Operations Manager,Manager,Remote - International,2023-11-17,,Active,No,,33,Meets Expectations,155000,Lead/Manager,Master's Degree,20,EMP00189
EMP00314,Cathy,Robinson,Female,40,Mixed Heritage,Human Resources,Compensation Analyst,Senior,Nairobi Office,2026-03-13,,Active,No,,5,Meets Expectations,96000,Senior,Master's Degree,20,EMP00093
EMP00315,Kari,Hardy,Female,44,African,Product,Product Analyst,Senior,Remote - Kenya,2022-03-25,2022-08-18,Terminated,Yes,Resignation - Career Growth,4,Exceeds Expectations,98000,Senior,Master's Degree,18,EMP00198
EMP00316,Vanessa,Warren,Female,34,Mixed Heritage,Sales,Account Executive,Mid-Level,Mombasa HQ,2022-09-06,,Active,No,,47,Exceeds Expectations,72000,Mid,Bachelor's Degree,12,EMP00143
EMP00317,Diane,Garcia,Female,39,African,Human Resources,HR Generalist,Mid-Level,Remote - Kenya,2026-03-24,,Active,No,,5,Meets Expectations,63000,Mid,Bachelor's Degree,18,EMP00048
EMP00318,Cory,Perez,Male,31,European,Operations,Supply Chain Analyst,Senior,Nairobi Office,2024-12-06,,Active,No,,20,Meets Expectations,100000,Senior,Bachelor's Degree,11,EMP00130
EMP00319,Christopher,Smith,Male,36,African,Engineering,Senior Software Engineer,Senior,Nairobi Office,2025-12-16,,Active,No,,8,Meets Expectations,134000,Senior,Bachelor's Degree,16,EMP00142
EMP00320,Joseph,Hill,Male,32,African,Sales,Sales Manager,Manager,Nairobi Office,2025-03-19,2025-07-11,Terminated,Yes,Resignation - Compensation,3,Meets Expectations,166000,Lead/Manager,Bachelor's Degree,10,EMP00169
EMP00321,Valerie,Tran,Female,34,African,Operations,Process Improvement Lead,Manager,Nairobi Office,2024-04-30,,Active,No,,28,Exceeds Expectations,196000,Lead/Manager,Bachelor's Degree,12,EMP00093
EMP00322,Melissa,Martinez,Female,38,African,Customer Success,Onboarding Specialist,Senior,Remote - Kenya,2025-10-17,,Active,No,,10,Meets Expectations,129000,Senior,Bachelor's Degree,18,EMP00049
EMP00323,Sean,Henry,Male,27,African,Engineering,Tech Lead,Manager,Remote - Kenya,2025-06-26,,Active,No,,14,Exceeds Expectations,160000,Lead/Manager,Bachelor's Degree,7,
EMP00324,Shane,Andrews,Male,50,African,Sales,Account Executive,Mid-Level,Remote - East Africa,2020-07-01,,Active,No,,74,Meets Expectations,65000,Mid,Bachelor's Degree,28,EMP00186
EMP00325,Julie,Alexander,Female,25,Asian,Engineering,Senior Software Engineer,Senior,Remote - International,2024-02-18,,Active,No,,30,Exceeds Expectations,116000,Senior,Master's Degree,3,EMP00133
EMP00326,Jack,Williams,Non-Binary,24,African,Sales,Sales Manager,Manager,Mombasa HQ,2023-10-20,,Active,No,,34,Meets Expectations,141000,Lead/Manager,Bachelor's Degree,4,EMP00036
EMP00327,Teresa,Woods,Female,43,African,Engineering,QA Engineer,Mid-Level,Remote - East Africa,2025-10-20,,Active,No,,10,Meets Expectations,55000,Mid,Bachelor's Degree,23,EMP00148
EMP00328,Rodney,Morales,Male,40,African,Marketing,Marketing Specialist,Mid-Level,Mombasa HQ,2022-10-07,,Active,No,,46,Outstanding,57000,Mid,High School,20,EMP00192
EMP00329,Benjamin,Soto,Male,38,African,Customer Success,Customer Success Manager,Manager,Mombasa HQ,2020-05-02,,Active,No,,75,Meets Expectations,191000,Lead/Manager,Bachelor's Degree,18,EMP00101
EMP00330,Amy,Hernandez,Female,39,Asian,Legal & Compliance,Paralegal,Mid-Level,Nairobi Office,2021-05-01,2023-09-25,Terminated,Yes,Resignation - Better Opportunity,28,Meets Expectations,49000,Mid,Diploma / Certificate,15,EMP00196
EMP00331,Justin,Torres,Male,33,African,Sales,Business Development Rep,Entry,Kampala,2023-12-14,,Active,No,,32,Meets Expectations,33000,Entry,Doctorate,8,
EMP00332,Wendy,Wilson,Female,26,African,Finance,Controller,Entry,Nairobi Office,2023-03-19,,Active,No,,41,Meets Expectations,29000,Entry,Bachelor's Degree,5,EMP00060
EMP00333,Phillip,Obrien,Male,34,African,Engineering,Engineering Manager,Manager,Remote - Kenya,2025-01-05,,Active,No,,19,Needs Improvement,152000,Lead/Manager,Bachelor's Degree,14,
EMP00334,Rachel,Perez,Female,28,African,Operations,Operations Coordinator,Mid-Level,Mombasa HQ,2019-09-07,,Active,No,,83,Exceeds Expectations,75000,Mid,Bachelor's Degree,5,EMP00170
EMP00335,Joseph,Hayes,Male,41,African,Operations,Supply Chain Analyst,Mid-Level,Nairobi Office,2022-04-24,,Active,No,,52,Exceeds Expectations,56000,Mid,High School,19,
EMP00336,Jeremy,Dalton,Male,32,African,Engineering,Tech Lead,Manager,Nairobi Office,2019-12-22,,Active,No,,80,Meets Expectations,171000,Lead/Manager,Bachelor's Degree,11,EMP00006
EMP00337,William,Torres,Male,27,African,Sales,Business Development Rep,Entry,Remote - East Africa,2023-04-12,,Active,No,,40,Meets Expectations,35000,Entry,Bachelor's Degree,7,EMP00100
EMP00338,Marc,Lynch,Male,31,African,Product,Product Manager,Manager,Remote - Kenya,2025-02-16,,Active,No,,18,Outstanding,216000,Lead/Manager,Bachelor's Degree,11,EMP00059
EMP00339,Patrick,Meza,Male,37,European,Operations,Process Improvement Lead,Manager,Mombasa HQ,2024-05-08,,Active,No,,27,Exceeds Expectations,152000,Lead/Manager,Bachelor's Degree,12,
EMP00340,Daniel,Clark,Male,29,Asian,Finance,FP&A Analyst,Senior,Mombasa HQ,2023-02-09,,Active,No,,42,Exceeds Expectations,109000,Senior,Bachelor's Degree,4,EMP00038
EMP00341,Mary,Moore,Female,27,African,Finance,Finance Manager,Manager,Remote - Kenya,2024-07-24,,Active,No,,25,Exceeds Expectations,210000,Lead/Manager,Bachelor's Degree,4,EMP00146
EMP00342,Carrie,Jones,Female,35,Asian,Customer Success,Support Specialist,Mid-Level,Nairobi Office,2018-09-07,,Active,No,,95,Meets Expectations,46000,Mid,Diploma / Certificate,12,EMP00058
EMP00343,April,Hayes,Female,35,African,Sales,Sales Representative,Mid-Level,Nairobi Office,2024-09-06,,Active,No,,23,Exceeds Expectations,83000,Mid,Diploma / Certificate,12,EMP00118
EMP00344,Kirk,Carter,Male,29,African,Product,Product Owner,Mid-Level,Remote - East Africa,2020-04-03,,Active,No,,76,Exceeds Expectations,47000,Mid,Bachelor's Degree,8,EMP00116
EMP00345,David,Mann,Male,30,Other,Operations,Operations Coordinator,Senior,Dar es Salaam,2019-08-06,,Active,No,,84,Meets Expectations,99000,Senior,High School,9,EMP00074
EMP00346,Michael,Gibson,Male,35,European,Operations,Logistics Specialist,Mid-Level,Remote - Kenya,2021-01-20,,Active,No,,67,Outstanding,82000,Mid,Bachelor's Degree,10,
EMP00347,Michael,Bradshaw,Male,22,European,Operations,Logistics Specialist,Mid-Level,Remote - Kenya,2026-03-20,,Active,No,,5,Exceeds Expectations,63000,Mid,Master's Degree,2,
EMP00348,Rachel,Weber,Female,22,African,Sales,Regional Sales Director,Director+,Kampala,2026-06-12,,Active,No,,2,Exceeds Expectations,321000,Director+,Bachelor's Degree,0,
EMP00349,Mary,Peck,Female,28,African,Marketing,Content Manager,Manager,Remote - International,2021-08-31,,Active,No,,60,Exceeds Expectations,210000,Lead/Manager,Bachelor's Degree,8,
EMP00350,Jeffery,Stephens,Male,32,African,Human Resources,HR Business Partner,Mid-Level,Remote - Kenya,2020-01-25,,Active,No,,79,Meets Expectations,79000,Mid,Master's Degree,10,
EMP00351,Matthew,Kerr,Male,36,African,Product,UX Designer,Mid-Level,Mombasa HQ,2025-01-14,,Active,No,,19,Exceeds Expectations,67000,Mid,Diploma / Certificate,12,EMP00013
EMP00352,Ronald,Jones,Male,45,African,Sales,Account Executive,Entry,Remote - East Africa,2021-07-24,,Active,No,,61,Needs Improvement,31000,Entry,Bachelor's Degree,20,EMP00098
EMP00353,Carol,Parker,Female,40,African,Marketing,Brand Manager,Manager,Mombasa HQ,2020-10-04,,Active,No,,70,Meets Expectations,207000,Lead/Manager,Diploma / Certificate,18,
EMP00354,Paul,Carroll,Male,32,Other,Operations,Operations Coordinator,Mid-Level,Mombasa HQ,2023-10-04,,Active,No,,34,Meets Expectations,73000,Mid,Bachelor's Degree,8,EMP00134
EMP00355,Dylan,Martinez,Male,33,African,Finance,Controller,Mid-Level,Mombasa HQ,2026-05-26,,Active,No,,3,Exceeds Expectations,52000,Mid,Master's Degree,11,EMP00107
EMP00356,Melissa,Lyons,Female,25,African,Operations,Supply Chain Analyst,Mid-Level,Mombasa HQ,2024-12-10,,Active,No,,20,Exceeds Expectations,77000,Mid,Bachelor's Degree,1,EMP00102
EMP00357,Terri,Mason,Female,33,Asian,Finance,FP&A Analyst,Senior,Dar es Salaam,2026-04-09,,Active,No,,4,Meets Expectations,131000,Senior,Master's Degree,11,EMP00086
EMP00358,Johnny,Miller,Male,31,African,Operations,Logistics Specialist,Senior,Dar es Salaam,2026-06-17,,Active,No,,2,Exceeds Expectations,88000,Senior,Bachelor's Degree,9,EMP00039
EMP00359,Andrew,Reynolds,Male,36,African,Engineering,Software Engineer,Mid-Level,Mombasa HQ,2025-05-11,,Active,No,,15,Exceeds Expectations,60000,Mid,Bachelor's Degree,16,
EMP00360,Frank,Wright,Male,27,African,Operations,Logistics Specialist,Senior,Nairobi Office,2022-06-22,,Active,No,,50,Exceeds Expectations,105000,Senior,Bachelor's Degree,4,
EMP00361,Anna,Hayden,Female,38,African,Operations,Process Improvement Lead,Manager,Mombasa HQ,2025-01-23,2026-07-17,Terminated,Yes,Resignation - Compensation,17,Outstanding,152000,Lead/Manager,Master's Degree,16,
EMP00362,Sara,Johnston,Female,46,European,Engineering,QA Engineer,Mid-Level,Mombasa HQ,2026-02-25,,Active,No,,6,Exceeds Expectations,57000,Mid,Master's Degree,25,EMP00164
EMP00363,Trevor,Key,Male,33,Asian,Product,UX Designer,Entry,Nairobi Office,2024-11-25,2026-07-04,Terminated,Yes,Resignation - Better Opportunity,19,Meets Expectations,31000,Entry,Bachelor's Degree,10,EMP00181
EMP00364,Michael,Adams,Male,37,African,Marketing,Marketing Analyst,Mid-Level,Mombasa HQ,2021-05-22,2023-09-14,Terminated,Yes,Resignation - Better Opportunity,27,Meets Expectations,48000,Mid,Bachelor's Degree,14,EMP00152
EMP00365,Andrew,Avila,Male,39,African,Customer Success,Onboarding Specialist,Senior,Nairobi Office,2021-06-12,2026-02-09,Terminated,Yes,Termination - Restructuring,55,Meets Expectations,102000,Senior,Bachelor's Degree,13,EMP00182
EMP00366,John,Pearson,Male,30,African,Human Resources,People Operations Specialist,Mid-Level,Mombasa HQ,2018-10-28,,Active,No,,94,Exceeds Expectations,54000,Mid,Master's Degree,6,EMP00017
EMP00367,Sydney,White,Female,35,African,Operations,Supply Chain Analyst,Mid-Level,Remote - Kenya,2022-02-13,,Active,No,,54,Meets Expectations,79000,Mid,Bachelor's Degree,9,EMP00137
EMP00368,Kevin,Walters,Male,34,African,Operations,Process Improvement Lead,Manager,Remote - International,2022-11-06,,Active,No,,45,Meets Expectations,173000,Lead/Manager,Master's Degree,9,
EMP00369,John,Davis,Male,34,Asian,Operations,Operations Manager,Manager,Nairobi Office,2020-01-11,,Active,No,,79,Meets Expectations,154000,Lead/Manager,Bachelor's Degree,9,EMP00104
EMP00370,Gregory,Cook,Male,27,African,Sales,Sales Representative,Mid-Level,Remote - Kenya,2024-03-24,,Active,No,,29,Exceeds Expectations,69000,Mid,Bachelor's Degree,5,
EMP00371,Michael,Hodge,Male,34,African,Sales,Account Executive,Mid-Level,Kampala,2020-04-10,,Active,No,,76,Exceeds Expectations,57000,Mid,Diploma / Certificate,12,EMP00089
EMP00372,Erin,Steele,Female,37,African,IT Support,Helpdesk Analyst,Mid-Level,Mombasa HQ,2026-01-27,,Active,No,,7,Outstanding,84000,Mid,Bachelor's Degree,17,EMP00008
EMP00373,Dwayne,Landry,Male,45,African,Engineering,Tech Lead,Manager,Nairobi Office,2024-04-19,,Active,No,,28,Meets Expectations,187000,Lead/Manager,Bachelor's Degree,24,
EMP00374,Robin,Pierce,Female,41,Asian,Sales,Account Executive,Entry,Dar es Salaam,2025-09-20,,Active,No,,11,Exceeds Expectations,26000,Entry,Bachelor's Degree,17,EMP00109
EMP00375,Jordan,Edwards,Female,51,African,Customer Success,Onboarding Specialist,Mid-Level,Mombasa HQ,2020-03-09,,Active,No,,77,Exceeds Expectations,67000,Mid,Diploma / Certificate,25,EMP00148
EMP00376,Erica,Cordova,Female,27,African,Engineering,Software Engineer,Mid-Level,Nairobi Office,2020-10-06,,Active,No,,70,Exceeds Expectations,73000,Mid,Bachelor's Degree,7,
EMP00377,Jared,Robertson,Male,40,African,Product,Product Manager,Manager,Mombasa HQ,2023-03-02,,Active,No,,42,Meets Expectations,160000,Lead/Manager,Bachelor's Degree,18,
EMP00378,William,Sandoval,Male,35,Asian,Customer Success,CS Team Lead,Manager,Mombasa HQ,2019-12-20,,Active,No,,80,Meets Expectations,174000,Lead/Manager,Bachelor's Degree,15,EMP00044
EMP00379,Joshua,Gutierrez,Male,51,African,Customer Success,CS Team Lead,Manager,Mombasa HQ,2023-07-21,,Active,No,,37,Meets Expectations,205000,Lead/Manager,Diploma / Certificate,25,EMP00155
EMP00380,Chelsea,Cox,Female,27,African,Sales,Business Development Rep,Mid-Level,Mombasa HQ,2024-08-22,,Active,No,,24,Meets Expectations,71000,Mid,Master's Degree,7,
EMP00381,Nicole,Garrett,Female,27,African,Product,Product Analyst,Senior,Mombasa HQ,2022-10-19,,Active,No,,46,Exceeds Expectations,126000,Senior,Bachelor's Degree,5,EMP00122
EMP00382,Peter,Harris,Male,29,African,Engineering,Tech Lead,Manager,Kampala,2023-09-22,,Active,No,,35,Needs Improvement,216000,Lead/Manager,Bachelor's Degree,7,
EMP00383,Joshua,Pennington,Male,22,African,Engineering,QA Engineer,Senior,Mombasa HQ,2025-10-03,,Active,No,,10,Meets Expectations,87000,Senior,Master's Degree,1,EMP00101
EMP00384,Jeffrey,Wolfe,Male,29,African,Operations,Operations Manager,Manager,Mombasa HQ,2020-07-11,2021-06-14,Terminated,Yes,Resignation - Better Opportunity,11,Meets Expectations,199000,Lead/Manager,Bachelor's Degree,8,
EMP00385,Barbara,Dudley,Female,27,African,Finance,Finance Manager,Manager,Dar es Salaam,2025-04-21,2026-04-25,Terminated,Yes,Resignation - Better Opportunity,12,Exceeds Expectations,155000,Lead/Manager,Master's Degree,7,
EMP00386,Lee,Allen,Male,35,African,Product,Product Analyst,Mid-Level,Mombasa HQ,2018-11-27,,Active,No,,93,Meets Expectations,64000,Mid,Master's Degree,14,
EMP00387,Brooke,Pierce,Female,36,Asian,Human Resources,People Operations Specialist,Mid-Level,Mombasa HQ,2024-06-02,,Active,No,,26,Meets Expectations,85000,Mid,Diploma / Certificate,16,EMP00056
EMP00388,Juan,Davis,Male,49,African,Customer Success,Customer Success Manager,Manager,Kampala,2023-11-10,2025-06-01,Terminated,Yes,Resignation - Better Opportunity,18,Exceeds Expectations,213000,Lead/Manager,High School,28,
EMP00389,Willie,Durham,Male,41,African,Sales,Sales Manager,Manager,Mombasa HQ,2021-10-11,,Active,No,,58,Exceeds Expectations,212000,Lead/Manager,Master's Degree,19,EMP00099
EMP00390,Steven,Wilson,Non-Binary,29,African,Legal & Compliance,Compliance Officer,Entry,Mombasa HQ,2019-05-31,,Active,No,,87,Outstanding,36000,Entry,Bachelor's Degree,9,EMP00197
EMP00391,Sandra,Jimenez,Female,26,African,Engineering,Senior Software Engineer,Senior,Nairobi Office,2023-02-18,,Active,No,,42,Exceeds Expectations,95000,Senior,Diploma / Certificate,1,EMP00010
EMP00392,Michelle,Hicks,Female,37,African,Engineering,Tech Lead,Manager,Mombasa HQ,2020-09-05,,Active,No,,71,Outstanding,220000,Lead/Manager,Master's Degree,16,
EMP00393,Donald,Davenport,Male,23,African,Human Resources,HR Business Partner,Mid-Level,Nairobi Office,2025-01-16,2026-03-28,Terminated,Yes,Resignation - Better Opportunity,14,Exceeds Expectations,53000,Mid,Master's Degree,0,EMP00012
EMP00394,Veronica,Sanchez,Female,48,African,Engineering,Tech Lead,Manager,Mombasa HQ,2019-10-25,,Active,No,,82,Exceeds Expectations,150000,Lead/Manager,Bachelor's Degree,28,EMP00158
EMP00395,Juan,Reyes,Male,43,Other,Engineering,Senior Software Engineer,Senior,Mombasa HQ,2018-12-30,2021-07-20,Terminated,Yes,Retirement,30,Meets Expectations,108000,Senior,Bachelor's Degree,19,
EMP00396,Tammy,Romero,Female,30,African,Sales,Regional Sales Director,Director+,Remote - East Africa,2025-03-04,,Active,No,,17,Meets Expectations,247000,Director+,Diploma / Certificate,4,
EMP00397,Shawn,Shields,Male,22,African,Operations,Operations Coordinator,Mid-Level,Nairobi Office,2026-06-29,,Active,No,,2,Meets Expectations,82000,Mid,Bachelor's Degree,2,EMP00157
EMP00398,Donald,Tyler,Male,44,African,Finance,FP&A Analyst,Mid-Level,Remote - International,2026-08-14,,Active,No,,1,Outstanding,65000,Mid,Master's Degree,23,EMP00195
EMP00399,Jason,Villa,Male,33,African,IT Support,Helpdesk Analyst,Mid-Level,Mombasa HQ,2021-05-07,,Active,No,,63,Exceeds Expectations,76000,Mid,Diploma / Certificate,13,EMP00054
EMP00400,Katie,Hoover,Female,43,African,Operations,Supply Chain Analyst,Senior,Dar es Salaam,2024-11-23,,Active,No,,21,Meets Expectations,134000,Senior,High School,18,EMP00152
EMP00401,Diane,Evans,Female,22,Asian,Customer Success,Onboarding Specialist,Mid-Level,Nairobi Office,2026-02-02,,Active,No,,6,Meets Expectations,72000,Mid,Bachelor's Degree,1,EMP00112
EMP00402,Laurie,Duarte,Female,29,African,Sales,Business Development Rep,Mid-Level,Mombasa HQ,2022-11-26,,Active,No,,45,Needs Improvement,60000,Mid,Bachelor's Degree,6,EMP00118
EMP00403,Katherine,Hernandez,Female,34,Asian,Operations,Supply Chain Analyst,Mid-Level,Nairobi Office,2020-06-20,2026-06-26,Terminated,Yes,Resignation - Compensation,72,Outstanding,57000,Mid,Master's Degree,14,EMP00072
EMP00404,Kimberly,Reed,Female,34,African,Sales,Regional Sales Director,Director+,Remote - International,2020-03-27,,Active,No,,77,Needs Improvement,338000,Director+,Bachelor's Degree,9,EMP00130
EMP00405,Juan,Daniels,Male,30,African,Sales,Business Development Rep,Entry,Nairobi Office,2026-07-13,,Active,No,,1,Meets Expectations,41000,Entry,Bachelor's Degree,10,EMP00024
EMP00406,Jordan,Morris,Female,38,African,Sales,Sales Manager,Manager,Nairobi Office,2025-02-11,,Active,No,,18,Exceeds Expectations,153000,Lead/Manager,Bachelor's Degree,16,EMP00163
EMP00407,Colin,Terry,Male,25,African,Sales,Sales Representative,Entry,Dar es Salaam,2023-06-11,,Active,No,,38,Meets Expectations,39000,Entry,Bachelor's Degree,3,EMP00015
EMP00408,Laura,Hall,Female,32,African,Operations,Supply Chain Analyst,Senior,Mombasa HQ,2020-05-27,,Active,No,,75,Exceeds Expectations,91000,Senior,Bachelor's Degree,12,EMP00139
EMP00409,Reginald,Williams,Male,34,European,Sales,Regional Sales Director,Director+,Mombasa HQ,2022-09-18,,Active,No,,47,Meets Expectations,338000,Director+,Bachelor's Degree,13,EMP00116
EMP00410,Natasha,Thornton,Female,38,African,Operations,Process Improvement Lead,Manager,Remote - International,2019-09-15,,Active,No,,83,Exceeds Expectations,206000,Lead/Manager,Master's Degree,17,EMP00049
EMP00411,Roberta,Hughes,Female,39,Mixed Heritage,Product,Product Owner,Entry,Nairobi Office,2025-05-31,,Active,No,,15,Exceeds Expectations,33000,Entry,High School,18,EMP00076
EMP00412,Mary,Hoover,Female,25,African,Operations,Process Improvement Lead,Manager,Kampala,2025-08-10,,Active,No,,12,Meets Expectations,215000,Lead/Manager,Bachelor's Degree,5,
EMP00413,William,Simpson,Male,22,African,Customer Success,CS Team Lead,Manager,Mombasa HQ,2025-11-15,,Active,No,,9,Meets Expectations,179000,Lead/Manager,Bachelor's Degree,0,EMP00074
EMP00414,Andrew,Shaw,Male,44,African,Human Resources,HR Business Partner,Entry,Remote - Kenya,2024-08-16,,Active,No,,24,Exceeds Expectations,31000,Entry,Diploma / Certificate,20,EMP00061
EMP00415,Leslie,Kane,Female,36,African,Sales,Sales Manager,Manager,Remote - International,2023-02-11,,Active,No,,42,Meets Expectations,186000,Lead/Manager,Diploma / Certificate,16,
EMP00416,Shane,Alexander,Male,28,Mixed Heritage,Product,Product Owner,Mid-Level,Remote - International,2022-12-15,,Active,No,,44,Exceeds Expectations,76000,Mid,Diploma / Certificate,6,EMP00147
EMP00417,Kelly,Bryant,Female,46,African,Customer Success,Onboarding Specialist,Mid-Level,Mombasa HQ,2026-05-23,,Active,No,,3,Meets Expectations,49000,Mid,Bachelor's Degree,26,
EMP00418,Miranda,Ortiz,Female,34,African,Customer Success,Support Specialist,Senior,Kampala,2022-03-31,,Active,No,,53,Meets Expectations,127000,Senior,Master's Degree,14,EMP00093
EMP00419,Mary,Moore,Female,43,African,Engineering,Tech Lead,Manager,Nairobi Office,2021-09-02,2025-11-30,Terminated,Yes,Termination - Restructuring,50,Exceeds Expectations,208000,Lead/Manager,Bachelor's Degree,21,EMP00042
EMP00420,Julie,Costa,Female,34,Asian,Marketing,Brand Manager,Manager,Mombasa HQ,2023-04-08,,Active,No,,40,Outstanding,198000,Lead/Manager,Bachelor's Degree,12,EMP00194
EMP00421,Gina,Schwartz,Female,50,African,Engineering,Software Engineer,Mid-Level,Remote - East Africa,2024-08-01,,Active,No,,25,Meets Expectations,82000,Mid,Bachelor's Degree,28,EMP00150
EMP00422,Matthew,Christian,Male,48,African,Engineering,QA Engineer,Senior,Kampala,2019-05-03,,Active,No,,87,Meets Expectations,97000,Senior,Bachelor's Degree,23,EMP00008
EMP00423,Samuel,Villarreal,Male,32,African,Sales,Sales Manager,Manager,Remote - Kenya,2021-10-11,,Active,No,,58,Meets Expectations,179000,Lead/Manager,Bachelor's Degree,11,
EMP00424,Jamie,Stewart,Female,41,African,Operations,Process Improvement Lead,Manager,Nairobi Office,2025-02-24,2025-10-26,Terminated,Yes,Resignation - Personal/Family,8,Exceeds Expectations,141000,Lead/Manager,Diploma / Certificate,21,EMP00136
EMP00425,Nathan,Malone,Male,39,African,Customer Success,Customer Success Manager,Manager,Mombasa HQ,2023-01-19,,Active,No,,43,Exceeds Expectations,181000,Lead/Manager,Diploma / Certificate,19,EMP00177
EMP00426,Shelia,Johnson,Female,44,African,Engineering,QA Engineer,Mid-Level,Nairobi Office,2022-11-08,,Active,No,,45,Meets Expectations,78000,Mid,Bachelor's Degree,22,EMP00144
EMP00427,Barry,Welch,Male,26,African,Customer Success,Customer Success Manager,Manager,Dar es Salaam,2024-09-18,,Active,No,,23,Exceeds Expectations,173000,Lead/Manager,Diploma / Certificate,6,
EMP00428,Thomas,Bright,Male,39,African,Legal & Compliance,Legal Counsel,Mid-Level,Nairobi Office,2024-02-16,,Active,No,,30,Outstanding,46000,Mid,Master's Degree,19,EMP00029
EMP00429,Nicole,Hamilton,Female,42,African,Sales,Regional Sales Director,Director+,Mombasa HQ,2026-01-02,,Active,No,,7,Needs Improvement,341000,Director+,Master's Degree,20,
EMP00430,Brett,Schultz,Male,22,African,Sales,Sales Representative,Mid-Level,Nairobi Office,2026-04-12,,Active,No,,4,Meets Expectations,53000,Mid,Bachelor's Degree,1,EMP00062
EMP00431,Shelia,Wallace,Female,24,African,Operations,Operations Coordinator,Mid-Level,Nairobi Office,2026-08-24,,Active,No,,1,Meets Expectations,68000,Mid,Diploma / Certificate,1,EMP00094
EMP00432,Melissa,Berger,Female,22,African,Finance,Accountant,Mid-Level,Nairobi Office,2026-05-08,,Active,No,,3,Meets Expectations,83000,Mid,Bachelor's Degree,2,EMP00127
EMP00433,Amber,Flynn,Female,31,African,Human Resources,HR Generalist,Mid-Level,Nairobi Office,2023-03-04,,Active,No,,41,Meets Expectations,47000,Mid,Bachelor's Degree,10,EMP00110
EMP00434,Edward,Brooks,Male,39,African,Engineering,Software Engineer,Senior,Mombasa HQ,2025-06-28,,Active,No,,14,Exceeds Expectations,129000,Senior,High School,19,EMP00178
EMP00435,Charles,Schmidt,Male,46,African,Customer Success,Customer Success Manager,Manager,Remote - East Africa,2024-06-03,,Active,No,,26,Meets Expectations,199000,Lead/Manager,Bachelor's Degree,25,EMP00072
EMP00436,Keith,Sparks,Male,34,Mixed Heritage,Human Resources,Compensation Analyst,Mid-Level,Mombasa HQ,2021-03-27,,Active,No,,65,Meets Expectations,75000,Mid,Bachelor's Degree,11,EMP00060
EMP00437,Christopher,Miller,Male,47,African,Customer Success,Support Specialist,Mid-Level,Mombasa HQ,2019-11-21,,Active,No,,81,Meets Expectations,75000,Mid,High School,27,
EMP00438,Seth,Harvey,Male,22,African,Human Resources,People Operations Specialist,Senior,Dar es Salaam,2025-11-26,,Active,No,,9,Outstanding,96000,Senior,Bachelor's Degree,2,
EMP00439,Cynthia,Durham,Female,22,African,Operations,Logistics Specialist,Mid-Level,Mombasa HQ,2026-01-24,,Active,No,,7,Meets Expectations,46000,Mid,Bachelor's Degree,2,EMP00169
EMP00440,Charles,Murray,Male,33,African,Customer Success,Onboarding Specialist,Mid-Level,Mombasa HQ,2019-01-31,,Active,No,,90,Meets Expectations,79000,Mid,Bachelor's Degree,12,
EMP00441,David,Scott,Male,37,Asian,Marketing,Digital Marketing Manager,Manager,Remote - Kenya,2021-11-13,,Active,No,,57,Meets Expectations,205000,Lead/Manager,Bachelor's Degree,12,EMP00166
EMP00442,Alexandra,Ballard,Female,33,African,Engineering,Software Engineer,Senior,Nairobi Office,2021-07-02,,Active,No,,61,Meets Expectations,89000,Senior,High School,9,
EMP00443,Stephanie,Byrd,Female,22,African,Operations,Operations Coordinator,Senior,Remote - Kenya,2025-09-21,,Active,No,,11,Exceeds Expectations,106000,Senior,Master's Degree,2,EMP00077
EMP00444,Christopher,Alexander,Male,33,African,Engineering,DevOps Engineer,Mid-Level,Mombasa HQ,2023-09-11,,Active,No,,35,Meets Expectations,70000,Mid,Master's Degree,12,EMP00024
EMP00445,Haley,Matthews,Female,23,Asian,Finance,FP&A Analyst,Mid-Level,Nairobi Office,2026-06-15,,Active,No,,2,Exceeds Expectations,58000,Mid,Bachelor's Degree,2,EMP00052
EMP00446,Mark,Coleman,Male,39,African,Operations,Supply Chain Analyst,Senior,Kampala,2020-03-14,,Active,No,,77,Exceeds Expectations,110000,Senior,High School,14,EMP00164
EMP00447,David,Bruce,Male,36,Mixed Heritage,Operations,Process Improvement Lead,Manager,Remote - Kenya,2024-06-02,,Active,No,,26,Meets Expectations,208000,Lead/Manager,Bachelor's Degree,16,EMP00112
EMP00448,Christina,Cruz,Female,26,African,Operations,Operations Coordinator,Senior,Nairobi Office,2024-05-23,2024-08-19,Terminated,Yes,Resignation - Better Opportunity,2,Exceeds Expectations,132000,Senior,Diploma / Certificate,1,EMP00112
EMP00449,Karen,Young,Female,29,Asian,Operations,Operations Coordinator,Mid-Level,Mombasa HQ,2019-06-11,,Active,No,,86,Meets Expectations,56000,Mid,Bachelor's Degree,4,EMP00022
EMP00450,Kenneth,Andrews,Male,25,African,Engineering,Engineering Manager,Manager,Mombasa HQ,2025-11-18,,Active,No,,9,Meets Expectations,209000,Lead/Manager,Bachelor's Degree,5,EMP00149
EMP00451,Willie,Phillips,Male,33,Asian,Product,UX Designer,Mid-Level,Mombasa HQ,2022-04-18,,Active,No,,52,Outstanding,49000,Mid,Bachelor's Degree,12,
EMP00452,Vanessa,Barrett,Female,41,African,Engineering,Engineering Manager,Manager,Remote - International,2025-05-27,,Active,No,,15,Exceeds Expectations,175000,Lead/Manager,Bachelor's Degree,21,EMP00038
EMP00453,Denise,Knight,Female,26,African,Engineering,Tech Lead,Manager,Remote - Kenya,2022-12-15,2024-06-17,Terminated,Yes,Resignation - Better Opportunity,18,Meets Expectations,169000,Lead/Manager,Master's Degree,6,
EMP00454,Michael,Garner,Male,38,African,Sales,Account Executive,Mid-Level,Dar es Salaam,2025-08-28,,Active,No,,12,Meets Expectations,61000,Mid,Master's Degree,16,EMP00113
EMP00455,Amber,Obrien,Female,29,Asian,Customer Success,Onboarding Specialist,Senior,Remote - Kenya,2021-12-06,,Active,No,,56,Exceeds Expectations,100000,Senior,Bachelor's Degree,6,EMP00091
EMP00456,Kathleen,Strong,Female,27,African,Operations,Process Improvement Lead,Manager,Nairobi Office,2021-09-11,2024-02-08,Terminated,Yes,Resignation - Better Opportunity,28,Meets Expectations,199000,Lead/Manager,High School,7,
EMP00457,Dustin,Lindsey,Male,33,Asian,Engineering,Tech Lead,Manager,Remote - Kenya,2021-08-09,,Active,No,,60,Meets Expectations,218000,Lead/Manager,Master's Degree,10,
EMP00458,Lisa,Gomez,Female,25,Asian,Engineering,DevOps Engineer,Mid-Level,Remote - International,2023-07-16,,Active,No,,37,Exceeds Expectations,61000,Mid,Bachelor's Degree,3,EMP00180
EMP00459,Mallory,Oliver,Female,29,African,Marketing,Marketing Specialist,Mid-Level,Nairobi Office,2026-07-06,,Active,No,,1,Exceeds Expectations,62000,Mid,Bachelor's Degree,3,EMP00031
EMP00460,Michael,Le,Male,24,Asian,Engineering,Senior Software Engineer,Senior,Remote - East Africa,2025-12-09,,Active,No,,8,Meets Expectations,95000,Senior,Bachelor's Degree,2,EMP00049
EMP00461,Matthew,Massey,Male,49,African,Operations,Logistics Specialist,Senior,Mombasa HQ,2020-02-18,,Active,No,,78,Needs Improvement,87000,Senior,Bachelor's Degree,28,EMP00178
EMP00462,Mark,Berger,Male,34,Asian,Engineering,Senior Software Engineer,Senior,Nairobi Office,2026-01-04,,Active,No,,7,Meets Expectations,124000,Senior,Diploma / Certificate,14,EMP00172
EMP00463,Maria,Parker,Female,28,African,Legal & Compliance,Paralegal,Mid-Level,Mombasa HQ,2022-07-05,,Active,No,,49,Needs Improvement,77000,Mid,Bachelor's Degree,8,EMP00127
EMP00464,Jeremiah,Riley,Male,35,African,Product,Product Owner,Entry,Kampala,2021-01-26,,Active,No,,67,Exceeds Expectations,31000,Entry,Diploma / Certificate,14,EMP00068
EMP00465,Morgan,Davis,Female,33,African,Customer Success,CS Team Lead,Manager,Mombasa HQ,2020-06-08,,Active,No,,74,Exceeds Expectations,181000,Lead/Manager,Bachelor's Degree,9,
EMP00466,Elizabeth,Burgess,Female,32,African,Engineering,Software Engineer,Mid-Level,Nairobi Office,2021-09-19,,Active,No,,59,Meets Expectations,52000,Mid,Master's Degree,7,EMP00038
EMP00467,Christopher,Anderson,Male,38,Asian,Sales,Sales Representative,Entry,Remote - East Africa,2020-02-07,,Active,No,,78,Needs Improvement,31000,Entry,Master's Degree,17,EMP00020
EMP00468,Kimberly,Mata,Female,40,African,Engineering,DevOps Engineer,Senior,Remote - East Africa,2020-01-18,2023-11-03,Terminated,Yes,Resignation - Better Opportunity,45,Meets Expectations,134000,Senior,Bachelor's Degree,17,EMP00117
EMP00469,Kiara,Mcintyre,Female,29,Mixed Heritage,Customer Success,CS Team Lead,Manager,Mombasa HQ,2020-04-14,,Active,No,,76,Exceeds Expectations,188000,Lead/Manager,Bachelor's Degree,6,EMP00191
EMP00470,Sandra,Scott,Female,29,Mixed Heritage,Sales,Business Development Rep,Entry,Remote - East Africa,2024-05-02,,Active,No,,27,Meets Expectations,33000,Entry,Master's Degree,7,EMP00031
EMP00471,Roger,Olson,Male,31,African,Engineering,DevOps Engineer,Senior,Mombasa HQ,2020-12-02,,Active,No,,68,Meets Expectations,136000,Senior,Bachelor's Degree,11,EMP00024
EMP00472,Renee,Francis,Female,22,African,Human Resources,HR Generalist,Mid-Level,Nairobi Office,2026-05-10,,Active,No,,3,Outstanding,62000,Mid,Bachelor's Degree,2,EMP00022
EMP00473,Gina,Wilson,Female,22,Other,Engineering,DevOps Engineer,Mid-Level,Kampala,2025-12-08,,Active,No,,8,Meets Expectations,77000,Mid,Bachelor's Degree,0,EMP00131
EMP00474,Victor,Taylor,Male,44,African,Operations,Operations Coordinator,Mid-Level,Remote - East Africa,2025-05-23,,Active,No,,15,Exceeds Expectations,74000,Mid,Bachelor's Degree,18,
EMP00475,Vincent,Dalton,Male,47,African,Operations,Supply Chain Analyst,Mid-Level,Dar es Salaam,2024-04-20,,Active,No,,28,Meets Expectations,74000,Mid,Master's Degree,24,
EMP00476,Nathaniel,Whitney,Male,32,African,Operations,Operations Coordinator,Mid-Level,Remote - Kenya,2021-03-18,,Active,No,,65,Meets Expectations,46000,Mid,Bachelor's Degree,11,EMP00173
EMP00477,Tracy,Ballard,Female,38,African,Engineering,Engineering Manager,Manager,Remote - East Africa,2024-04-27,,Active,No,,28,Meets Expectations,147000,Lead/Manager,Master's Degree,15,
EMP00478,Holly,Gibbs,Female,36,African,Engineering,Engineering Manager,Manager,Nairobi Office,2018-10-16,,Active,No,,94,Needs Improvement,202000,Lead/Manager,Diploma / Certificate,16,
EMP00479,Adrian,Herrera,Male,58,African,Customer Success,Onboarding Specialist,Mid-Level,Nairobi Office,2020-03-06,,Active,No,,77,Meets Expectations,45000,Mid,Master's Degree,38,EMP00152
EMP00480,Jordan,Chambers,Female,42,African,Finance,Controller,Entry,Remote - Kenya,2021-12-28,2025-08-24,Terminated,Yes,End of Contract,43,Meets Expectations,26000,Entry,Bachelor's Degree,22,
EMP00481,Megan,Richards,Female,32,African,Engineering,Senior Software Engineer,Senior,Nairobi Office,2019-04-21,,Active,No,,88,Exceeds Expectations,111000,Senior,Bachelor's Degree,12,EMP00173
EMP00482,Rodney,Bentley,Male,26,European,Customer Success,CS Team Lead,Manager,Mombasa HQ,2022-06-20,,Active,No,,50,Meets Expectations,204000,Lead/Manager,Bachelor's Degree,6,EMP00107
EMP00483,Ashley,Hall,Female,22,African,Product,Product Owner,Entry,Remote - East Africa,2026-06-12,,Active,No,,2,Meets Expectations,29000,Entry,Master's Degree,2,EMP00030
EMP00484,Alexander,Henson,Male,35,Other,Customer Success,Customer Success Manager,Manager,Remote - Kenya,2023-09-02,,Active,No,,35,Exceeds Expectations,185000,Lead/Manager,Master's Degree,15,
EMP00485,Justin,Herman,Male,27,Asian,Sales,Regional Sales Director,Director+,Mombasa HQ,2025-07-11,2025-11-01,Terminated,Yes,Resignation - Better Opportunity,3,Meets Expectations,348000,Director+,Master's Degree,5,EMP00187
EMP00486,Daniel,Brown,Male,22,African,Engineering,DevOps Engineer,Senior,Mombasa HQ,2026-05-21,,Active,No,,3,Exceeds Expectations,112000,Senior,Bachelor's Degree,0,EMP00088
EMP00487,Samantha,Blankenship,Female,28,Asian,Engineering,Senior Software Engineer,Senior,Nairobi Office,2020-09-23,,Active,No,,71,Exceeds Expectations,90000,Senior,Bachelor's Degree,6,EMP00118
EMP00488,Elizabeth,Ortiz,Female,25,African,Legal & Compliance,Paralegal,Mid-Level,Nairobi Office,2026-03-12,,Active,No,,5,Exceeds Expectations,59000,Mid,High School,0,EMP00010
EMP00489,Charles,Shah,Male,47,African,Customer Success,Support Specialist,Senior,Mombasa HQ,2021-12-19,,Active,No,,56,Meets Expectations,88000,Senior,Bachelor's Degree,23,EMP00089
EMP00490,Eric,Vasquez,Male,41,African,Sales,Sales Manager,Manager,Dar es Salaam,2019-09-01,,Active,No,,84,Exceeds Expectations,212000,Lead/Manager,Bachelor's Degree,21,
EMP00491,Anne,Clay,Female,33,African,Human Resources,HR Generalist,Entry,Mombasa HQ,2023-06-27,,Active,No,,38,Meets Expectations,36000,Entry,Master's Degree,11,EMP00006
EMP00492,Chad,Chavez,Male,45,Asian,Sales,Business Development Rep,Mid-Level,Mombasa HQ,2025-12-30,,Active,No,,8,Meets Expectations,55000,Mid,Doctorate,25,EMP00032
EMP00493,Meagan,Paul,Female,34,Other,Operations,Process Improvement Lead,Manager,Mombasa HQ,2019-08-18,,Active,No,,84,Meets Expectations,199000,Lead/Manager,Master's Degree,12,EMP00184
EMP00494,Theresa,Barnes,Female,27,African,Customer Success,Support Specialist,Senior,Mombasa HQ,2025-07-27,,Active,No,,13,Meets Expectations,114000,Senior,Bachelor's Degree,6,EMP00034
EMP00495,Natalie,Moore,Female,46,African,Operations,Logistics Specialist,Mid-Level,Kampala,2021-01-27,,Active,No,,67,Exceeds Expectations,72000,Mid,Bachelor's Degree,26,EMP00107
EMP00496,Jason,Garcia,Male,38,African,Marketing,Content Manager,Manager,Mombasa HQ,2025-05-06,,Active,No,,15,Needs Improvement,180000,Lead/Manager,Master's Degree,16,
EMP00497,Katherine,Russell,Female,25,African,Customer Success,Onboarding Specialist,Mid-Level,Mombasa HQ,2024-12-19,2025-07-13,Terminated,Yes,Resignation - Better Opportunity,6,Meets Expectations,60000,Mid,Diploma / Certificate,3,EMP00073
EMP00498,Tiffany,Johnson,Female,32,African,Engineering,Tech Lead,Manager,Nairobi Office,2020-03-29,,Active,No,,77,Meets Expectations,179000,Lead/Manager,Master's Degree,10,EMP00156
EMP00499,Jacqueline,Ramos,Female,26,African,Sales,Account Executive,Mid-Level,Kampala,2022-03-08,,Active,No,,53,Meets Expectations,63000,Mid,Master's Degree,2,EMP00012
EMP00500,Trevor,Foley,Male,22,African,Legal & Compliance,Compliance Officer,Mid-Level,Remote - Kenya,2025-10-06,,Active,No,,10,Meets Expectations,71000,Mid,Bachelor's Degree,2,EMP00014
EMP00501,Brett,Jennings,Male,41,African,Legal & Compliance,Paralegal,Entry,Dar es Salaam,2023-08-02,,Active,No,,36,Exceeds Expectations,35000,Entry,Master's Degree,18,EMP00137
EMP00502,Joshua,Levine,Male,49,African,Customer Success,Onboarding Specialist,Mid-Level,Mombasa HQ,2023-02-10,2023-10-31,Terminated,Yes,Resignation - Compensation,8,Meets Expectations,65000,Mid,Diploma / Certificate,29,EMP00040
EMP00503,Ian,Sanders,Male,22,African,Engineering,DevOps Engineer,Senior,Nairobi Office,2026-07-13,,Active,No,,1,Meets Expectations,88000,Senior,Bachelor's Degree,1,EMP00031
EMP00504,Colton,Martinez,Male,38,Asian,Sales,Account Executive,Mid-Level,Mombasa HQ,2025-12-27,,Active,No,,8,Needs Improvement,68000,Mid,Bachelor's Degree,18,EMP00005
EMP00505,Ryan,Gibson,Male,28,Asian,Engineering,QA Engineer,Senior,Mombasa HQ,2025-09-23,,Active,No,,11,Exceeds Expectations,99000,Senior,Bachelor's Degree,6,EMP00044
EMP00506,Matthew,May,Male,30,African,Human Resources,Compensation Analyst,Senior,Remote - Kenya,2019-05-07,2024-12-01,Terminated,Yes,Resignation - Better Opportunity,66,Meets Expectations,138000,Senior,Master's Degree,6,EMP00162
EMP00507,Kyle,Smith,Male,29,African,Engineering,QA Engineer,Mid-Level,Nairobi Office,2020-06-05,,Active,No,,74,Meets Expectations,51000,Mid,Diploma / Certificate,8,EMP00175
EMP00508,Rachel,Sanchez,Female,27,African,Product,UX Designer,Mid-Level,Mombasa HQ,2022-12-26,,Active,No,,44,Exceeds Expectations,73000,Mid,Bachelor's Degree,7,EMP00003
EMP00509,Cameron,Cunningham,Male,34,African,Finance,Controller,Mid-Level,Mombasa HQ,2026-04-28,,Active,No,,4,Meets Expectations,73000,Mid,Diploma / Certificate,14,EMP00097
EMP00510,Barry,Hubbard,Male,27,Asian,Marketing,Digital Marketing Manager,Manager,Mombasa HQ,2022-07-07,,Active,No,,49,Meets Expectations,171000,Lead/Manager,Doctorate,7,EMP00182
EMP00511,Daniel,Robinson,Male,36,African,Engineering,Software Engineer,Senior,Mombasa HQ,2023-07-10,,Active,No,,37,Meets Expectations,119000,Senior,Doctorate,12,EMP00164
EMP00512,Sergio,Murphy,Male,33,African,Engineering,Engineering Manager,Manager,Remote - Kenya,2019-01-06,,Active,No,,91,Meets Expectations,186000,Lead/Manager,Bachelor's Degree,12,
EMP00513,Brittany,Lester,Female,32,European,Product,Product Analyst,Senior,Nairobi Office,2023-11-01,,Active,No,,34,Needs Improvement,125000,Senior,High School,10,EMP00167
EMP00514,Aaron,Garrison,Non-Binary,26,African,Sales,Sales Manager,Manager,Nairobi Office,2024-08-22,2025-06-07,Terminated,Yes,Resignation - Better Opportunity,9,Exceeds Expectations,175000,Lead/Manager,Bachelor's Degree,4,EMP00101
EMP00515,Duane,Anderson,Non-Binary,29,African,Engineering,Software Engineer,Senior,Mombasa HQ,2024-06-17,,Active,No,,26,Meets Expectations,129000,Senior,Bachelor's Degree,8,EMP00007
EMP00516,Danielle,Thompson,Female,40,African,Customer Success,CS Team Lead,Manager,Remote - Kenya,2020-11-03,,Active,No,,69,Exceeds Expectations,207000,Lead/Manager,Master's Degree,20,EMP00161
EMP00517,Mary,Johnson,Female,38,African,Operations,Operations Coordinator,Mid-Level,Remote - Kenya,2025-12-22,,Active,No,,8,Meets Expectations,47000,Mid,Master's Degree,17,
EMP00518,Alexis,Tyler,Female,26,African,Finance,FP&A Analyst,Mid-Level,Dar es Salaam,2023-03-04,,Active,No,,41,Exceeds Expectations,79000,Mid,Bachelor's Degree,5,EMP00087
EMP00519,Cynthia,Morris,Female,34,African,Customer Success,Customer Success Manager,Manager,Mombasa HQ,2025-11-29,,Active,No,,9,Exceeds Expectations,176000,Lead/Manager,Diploma / Certificate,13,EMP00091
EMP00520,Carrie,Williams,Female,40,Asian,Operations,Process Improvement Lead,Manager,Nairobi Office,2021-10-12,,Active,No,,58,Meets Expectations,176000,Lead/Manager,High School,20,
EMP00521,Natalie,Fox,Female,22,Other,Sales,Sales Manager,Manager,Nairobi Office,2026-05-03,,Active,No,,3,Exceeds Expectations,188000,Lead/Manager,Bachelor's Degree,0,EMP00052
EMP00522,Patrick,Alvarez,Male,38,African,Customer Success,Support Specialist,Senior,Mombasa HQ,2022-12-15,,Active,No,,44,Meets Expectations,104000,Senior,Doctorate,17,EMP00027
EMP00523,Richard,Palmer,Male,28,African,Operations,Operations Coordinator,Mid-Level,Remote - Kenya,2021-04-11,,Active,No,,64,Meets Expectations,82000,Mid,Bachelor's Degree,6,EMP00048
EMP00524,Ashley,Gordon,Female,38,African,Marketing,Marketing Specialist,Mid-Level,Mombasa HQ,2020-02-07,,Active,No,,78,Outstanding,48000,Mid,Bachelor's Degree,18,EMP00057
EMP00525,Theresa,Williams,Female,27,African,Product,Product Analyst,Mid-Level,Kampala,2025-02-16,,Active,No,,18,Meets Expectations,67000,Mid,Master's Degree,5,EMP00062
EMP00526,Richard,Camacho,Male,22,Other,Engineering,Engineering Manager,Manager,Mombasa HQ,2026-07-30,,Active,No,,1,Meets Expectations,193000,Lead/Manager,Doctorate,2,EMP00178
EMP00527,Joseph,Ellis,Male,22,Asian,Engineering,QA Engineer,Mid-Level,Remote - International,2026-06-17,2026-08-17,Terminated,Yes,Termination - Restructuring,2,Exceeds Expectations,70000,Mid,Bachelor's Degree,0,EMP00054
EMP00528,Tracey,Brown,Female,34,African,Finance,Controller,Mid-Level,Nairobi Office,2021-01-28,,Active,No,,67,Exceeds Expectations,70000,Mid,Master's Degree,10,EMP00127
EMP00529,John,Morales,Male,36,African,Operations,Process Improvement Lead,Manager,Dar es Salaam,2021-08-07,,Active,No,,60,Meets Expectations,172000,Lead/Manager,High School,14,EMP00096
EMP00530,Melissa,Henry,Female,26,African,Engineering,Software Engineer,Mid-Level,Nairobi Office,2023-03-09,,Active,No,,41,Meets Expectations,48000,Mid,Bachelor's Degree,5,EMP00070
EMP00531,Susan,Jones,Female,39,African,Engineering,Senior Software Engineer,Senior,Mombasa HQ,2020-12-01,2022-08-19,Terminated,Yes,End of Contract,20,Meets Expectations,109000,Senior,Master's Degree,19,
EMP00532,Angela,Franklin,Female,22,Asian,Engineering,Senior Software Engineer,Senior,Remote - East Africa,2025-09-05,2026-03-17,Terminated,Yes,Resignation - Better Opportunity,6,Meets Expectations,122000,Senior,Bachelor's Degree,0,EMP00104
EMP00533,Austin,Hill,Male,33,Asian,Product,Product Manager,Manager,Nairobi Office,2024-02-15,,Active,No,,30,Meets Expectations,178000,Lead/Manager,Diploma / Certificate,9,
EMP00534,Mark,Kelley,Male,24,African,Finance,Controller,Entry,Nairobi Office,2024-03-17,,Active,No,,29,Meets Expectations,27000,Entry,Master's Degree,0,
EMP00535,Frederick,Vang,Male,28,African,Product,Product Manager,Manager,Nairobi Office,2022-02-22,,Active,No,,54,Meets Expectations,180000,Lead/Manager,Diploma / Certificate,8,EMP00009
EMP00536,Joseph,Chavez,Male,34,Asian,Product,Product Analyst,Senior,Mombasa HQ,2022-05-24,,Active,No,,51,Meets Expectations,140000,Senior,Master's Degree,11,
EMP00537,Lisa,Garcia,Female,27,African,Customer Success,Onboarding Specialist,Senior,Remote - Kenya,2026-05-15,2026-07-26,Terminated,Yes,Resignation - Personal/Family,2,Meets Expectations,102000,Senior,Diploma / Certificate,4,
EMP00538,Michael,Farrell,Male,30,African,Sales,Business Development Rep,Entry,Nairobi Office,2021-12-23,2023-04-19,Terminated,Yes,Resignation - Better Opportunity,15,Meets Expectations,32000,Entry,Doctorate,10,EMP00122
EMP00539,Matthew,Mack,Male,42,African,Sales,Business Development Rep,Mid-Level,Nairobi Office,2021-09-02,,Active,No,,59,Exceeds Expectations,68000,Mid,Bachelor's Degree,21,EMP00126
EMP00540,Michelle,Lewis,Female,29,African,Operations,Process Improvement Lead,Manager,Remote - East Africa,2018-09-09,,Active,No,,95,Exceeds Expectations,143000,Lead/Manager,Master's Degree,9,
EMP00541,Jocelyn,Perez,Female,40,African,Product,Product Owner,Mid-Level,Kampala,2024-11-24,,Active,No,,21,Meets Expectations,81000,Mid,Bachelor's Degree,19,EMP00185
EMP00542,Gina,Chavez,Female,24,African,Product,Product Owner,Mid-Level,Nairobi Office,2024-05-15,,Active,No,,27,Meets Expectations,75000,Mid,Bachelor's Degree,0,
EMP00543,Jason,Davis,Male,38,African,Finance,Controller,Entry,Mombasa HQ,2025-02-19,,Active,No,,18,Meets Expectations,40000,Entry,High School,18,EMP00063
EMP00544,Jeffery,Ortega,Male,45,African,Finance,Controller,Entry,Remote - Kenya,2023-05-16,,Active,No,,39,Meets Expectations,41000,Entry,High School,24,
EMP00545,Jacqueline,Hernandez,Female,22,African,Engineering,DevOps Engineer,Mid-Level,Nairobi Office,2025-12-08,,Active,No,,8,Exceeds Expectations,54000,Mid,Diploma / Certificate,2,EMP00014
EMP00546,Thomas,Jones,Male,27,Mixed Heritage,Customer Success,Customer Success Manager,Manager,Remote - Kenya,2025-08-23,2025-10-29,Terminated,Yes,Resignation - Personal/Family,2,Meets Expectations,202000,Lead/Manager,Bachelor's Degree,5,EMP00025
EMP00547,Ronald,Davis,Male,38,Asian,Human Resources,Recruiter,Mid-Level,Mombasa HQ,2024-05-06,,Active,No,,27,Meets Expectations,47000,Mid,Bachelor's Degree,18,
EMP00548,Anne,Rodgers,Female,32,African,Engineering,Software Engineer,Mid-Level,Nairobi Office,2019-09-03,2022-04-15,Terminated,Yes,Resignation - Personal/Family,31,Exceeds Expectations,58000,Mid,High School,12,EMP00183
EMP00549,Robert,Hawkins,Male,36,African,Operations,Process Improvement Lead,Manager,Remote - Kenya,2018-11-21,,Active,No,,93,Exceeds Expectations,154000,Lead/Manager,Doctorate,16,EMP00171
EMP00550,Laurie,Hoffman,Female,29,African,Operations,Supply Chain Analyst,Mid-Level,Dar es Salaam,2018-10-07,,Active,No,,94,Meets Expectations,81000,Mid,Bachelor's Degree,7,EMP00189
EMP00551,Erin,Martinez,Female,34,African,Operations,Operations Manager,Manager,Remote - International,2024-05-17,,Active,No,,27,Exceeds Expectations,190000,Lead/Manager,Bachelor's Degree,14,EMP00085
EMP00552,Hayden,Ortega,Male,32,African,Sales,Sales Manager,Manager,Nairobi Office,2024-02-06,,Active,No,,30,Meets Expectations,191000,Lead/Manager,Master's Degree,8,EMP00171
EMP00553,Paul,Parrish,Male,43,African,IT Support,Helpdesk Analyst,Senior,Mombasa HQ,2021-02-26,,Active,No,,66,Exceeds Expectations,97000,Senior,Diploma / Certificate,21,EMP00024
EMP00554,Michelle,Schmitt,Female,36,African,Sales,Business Development Rep,Mid-Level,Mombasa HQ,2024-06-14,,Active,No,,26,Meets Expectations,82000,Mid,Bachelor's Degree,13,EMP00163
EMP00555,Lindsay,Bell,Female,36,African,Engineering,DevOps Engineer,Mid-Level,Mombasa HQ,2021-10-22,,Active,No,,58,Exceeds Expectations,84000,Mid,Bachelor's Degree,14,EMP00022
EMP00556,Kenneth,Lewis,Male,30,African,Human Resources,HR Generalist,Mid-Level,Remote - Kenya,2022-06-18,,Active,No,,50,Meets Expectations,51000,Mid,Bachelor's Degree,7,EMP00049
EMP00557,Mary,Walker,Female,30,African,Sales,Business Development Rep,Mid-Level,Dar es Salaam,2021-03-06,,Active,No,,65,Needs Improvement,60000,Mid,Bachelor's Degree,9,EMP00032
EMP00558,Brian,Bruce,Male,30,Asian,Engineering,QA Engineer,Mid-Level,Remote - Kenya,2018-09-19,,Active,No,,95,Exceeds Expectations,76000,Mid,Bachelor's Degree,10,EMP00189
EMP00559,Jacob,Farmer,Male,37,African,Engineering,DevOps Engineer,Mid-Level,Remote - Kenya,2019-11-18,,Active,No,,81,Meets Expectations,78000,Mid,Bachelor's Degree,16,EMP00042
EMP00560,Laura,Aguirre,Female,30,African,Sales,Sales Representative,Mid-Level,Nairobi Office,2021-12-04,,Active,No,,56,Exceeds Expectations,82000,Mid,Master's Degree,5,EMP00098
EMP00561,Ryan,Villegas,Male,36,African,Customer Success,Onboarding Specialist,Senior,Mombasa HQ,2023-08-27,,Active,No,,36,Meets Expectations,136000,Senior,Bachelor's Degree,13,EMP00126
EMP00562,Sabrina,Austin,Female,50,African,Sales,Sales Representative,Mid-Level,Kampala,2024-07-30,,Active,No,,25,Meets Expectations,62000,Mid,Bachelor's Degree,29,EMP00055
EMP00563,Maria,Johnson,Female,40,Other,Engineering,Software Engineer,Senior,Mombasa HQ,2019-09-01,,Active,No,,84,Needs Improvement,130000,Senior,Master's Degree,20,
EMP00564,Timothy,Gallegos,Male,31,African,Sales,Sales Representative,Mid-Level,Remote - Kenya,2020-02-20,2022-09-01,Terminated,Yes,Resignation - Compensation,30,Needs Improvement,64000,Mid,High School,11,EMP00195
EMP00565,Debra,White,Female,43,African,Engineering,DevOps Engineer,Mid-Level,Nairobi Office,2022-08-14,,Active,No,,48,Needs Improvement,58000,Mid,Master's Degree,20,EMP00026
EMP00566,Michael,Parker,Male,30,African,Sales,Regional Sales Director,Director+,Remote - Kenya,2018-10-29,,Active,No,,94,Meets Expectations,336000,Director+,Bachelor's Degree,6,EMP00132
EMP00567,Gerald,Smith,Male,22,Mixed Heritage,Operations,Operations Manager,Manager,Remote - Kenya,2026-03-19,,Active,No,,5,Meets Expectations,140000,Lead/Manager,Bachelor's Degree,0,EMP00090
EMP00568,Sergio,Knight,Male,25,Asian,Operations,Logistics Specialist,Senior,Remote - Kenya,2025-11-12,,Active,No,,9,Exceeds Expectations,132000,Senior,Bachelor's Degree,5,
EMP00569,James,Thomas,Male,22,European,Operations,Operations Coordinator,Mid-Level,Remote - East Africa,2025-12-29,,Active,No,,8,Meets Expectations,72000,Mid,Diploma / Certificate,0,EMP00023
EMP00570,Mark,Johnson,Male,31,Asian,Sales,Sales Representative,Entry,Kampala,2021-04-30,,Active,No,,64,Exceeds Expectations,44000,Entry,Diploma / Certificate,11,EMP00126
EMP00571,Paul,Lewis,Male,34,Asian,Sales,Sales Manager,Manager,Nairobi Office,2022-05-22,,Active,No,,51,Outstanding,210000,Lead/Manager,Bachelor's Degree,13,EMP00067
EMP00572,Jason,Peterson,Male,47,African,Sales,Sales Representative,Entry,Mombasa HQ,2025-03-29,,Active,No,,17,Meets Expectations,32000,Entry,Master's Degree,23,
EMP00573,Jacqueline,Griffith,Female,36,African,Operations,Logistics Specialist,Senior,Mombasa HQ,2019-12-03,2020-03-09,Terminated,Yes,Resignation - Compensation,3,Meets Expectations,103000,Senior,Master's Degree,15,EMP00057
EMP00574,Ricardo,Bradley,Male,32,European,Operations,Logistics Specialist,Mid-Level,Remote - International,2023-01-29,,Active,No,,43,Meets Expectations,56000,Mid,Master's Degree,12,EMP00123
EMP00575,Angela,Williams,Female,40,Other,Customer Success,Support Specialist,Mid-Level,Nairobi Office,2024-02-23,2026-06-26,Terminated,Yes,Resignation - Better Opportunity,28,Meets Expectations,73000,Mid,Bachelor's Degree,20,EMP00169
EMP00576,Brooke,Williamson,Female,22,African,Product,Product Analyst,Senior,Mombasa HQ,2026-07-27,,Active,No,,1,Exceeds Expectations,115000,Senior,Doctorate,0,EMP00101
EMP00577,Michael,Nelson,Male,35,Asian,Sales,Sales Manager,Manager,Mombasa HQ,2019-04-30,2024-11-25,Terminated,Yes,Resignation - Personal/Family,66,Meets Expectations,200000,Lead/Manager,Master's Degree,14,
EMP00578,Matthew,Tucker,Male,40,African,Customer Success,CS Team Lead,Manager,Nairobi Office,2021-11-17,,Active,No,,57,Needs Improvement,198000,Lead/Manager,Doctorate,20,
EMP00579,Jeremy,Nelson,Male,22,African,Sales,Business Development Rep,Mid-Level,Mombasa HQ,2026-05-01,,Active,No,,4,Meets Expectations,69000,Mid,Bachelor's Degree,0,EMP00199
EMP00580,Paul,Wilson,Male,43,African,Finance,Financial Analyst,Senior,Mombasa HQ,2025-04-28,2026-05-21,Terminated,Yes,Resignation - Career Growth,12,Meets Expectations,133000,Senior,Bachelor's Degree,19,EMP00147
EMP00581,Jeffrey,Campbell,Male,36,African,Operations,Operations Coordinator,Senior,Nairobi Office,2025-07-21,,Active,No,,13,Exceeds Expectations,95000,Senior,Bachelor's Degree,11,EMP00180
EMP00582,Michael,Tucker,Male,30,African,Sales,Business Development Rep,Mid-Level,Dar es Salaam,2019-05-12,,Active,No,,87,Outstanding,76000,Mid,Master's Degree,9,EMP00154
EMP00583,Mary,Williams,Female,39,African,Finance,Financial Analyst,Mid-Level,Mombasa HQ,2020-05-12,,Active,No,,75,Meets Expectations,77000,Mid,Diploma / Certificate,16,EMP00140
EMP00584,James,Greene,Male,52,European,Sales,Sales Representative,Entry,Remote - International,2025-02-06,,Active,No,,18,Meets Expectations,26000,Entry,Bachelor's Degree,29,EMP00138
EMP00585,Aimee,Turner,Female,35,African,Operations,Operations Coordinator,Senior,Remote - Kenya,2019-12-01,,Active,No,,81,Meets Expectations,87000,Senior,Master's Degree,13,EMP00141
EMP00586,Christine,Taylor,Female,35,Mixed Heritage,Engineering,DevOps Engineer,Senior,Remote - Kenya,2024-05-20,,Active,No,,27,Outstanding,94000,Senior,Bachelor's Degree,15,EMP00096
EMP00587,Jonathan,Murphy,Non-Binary,30,African,Customer Success,Support Specialist,Mid-Level,Nairobi Office,2025-10-19,,Active,No,,10,Exceeds Expectations,51000,Mid,High School,5,EMP00023
EMP00588,Aimee,Burgess,Female,27,Asian,Engineering,Engineering Manager,Manager,Mombasa HQ,2024-03-05,2024-09-07,Terminated,Yes,Resignation - Better Opportunity,6,Exceeds Expectations,202000,Lead/Manager,Bachelor's Degree,7,EMP00126
EMP00589,Christopher,James,Male,40,African,Sales,Sales Manager,Manager,Remote - Kenya,2023-02-07,,Active,No,,42,Meets Expectations,196000,Lead/Manager,Bachelor's Degree,19,
EMP00590,Michele,Mason,Female,27,African,Customer Success,Onboarding Specialist,Mid-Level,Remote - Kenya,2022-06-03,,Active,No,,50,Exceeds Expectations,50000,Mid,Diploma / Certificate,5,EMP00200
EMP00591,Sandra,Drake,Female,34,African,Engineering,QA Engineer,Mid-Level,Mombasa HQ,2021-11-14,,Active,No,,57,Exceeds Expectations,63000,Mid,Bachelor's Degree,12,EMP00023
EMP00592,Benjamin,Hensley,Male,30,African,Product,Product Owner,Mid-Level,Nairobi Office,2020-03-20,,Active,No,,77,Meets Expectations,79000,Mid,Diploma / Certificate,9,EMP00109
EMP00593,Bobby,Smith,Non-Binary,37,European,Finance,Accountant,Mid-Level,Nairobi Office,2019-10-04,,Active,No,,82,Needs Improvement,66000,Mid,Bachelor's Degree,12,EMP00089
EMP00594,Thomas,Atkins,Male,36,Other,Engineering,Tech Lead,Manager,Remote - East Africa,2019-11-10,,Active,No,,81,Outstanding,193000,Lead/Manager,Master's Degree,10,EMP00045
EMP00595,Laura,Berry,Female,42,African,Sales,Account Executive,Mid-Level,Mombasa HQ,2019-01-20,,Active,No,,91,Exceeds Expectations,83000,Mid,Bachelor's Degree,22,EMP00076
EMP00596,Michelle,Butler,Female,29,African,Engineering,Software Engineer,Senior,Mombasa HQ,2021-06-23,,Active,No,,62,Needs Improvement,116000,Senior,Master's Degree,3,EMP00077
EMP00597,Ashley,Smith,Female,31,African,Engineering,Software Engineer,Mid-Level,Nairobi Office,2020-09-25,,Active,No,,71,Meets Expectations,74000,Mid,Bachelor's Degree,8,EMP00169
EMP00598,Erika,Solis,Female,26,African,Engineering,DevOps Engineer,Mid-Level,Nairobi Office,2022-12-27,,Active,No,,44,Meets Expectations,57000,Mid,Master's Degree,6,EMP00182
EMP00599,Lisa,Collier,Female,30,African,Engineering,Senior Software Engineer,Senior,Mombasa HQ,2019-03-14,,Active,No,,89,Exceeds Expectations,101000,Senior,Bachelor's Degree,9,EMP00141
EMP00600,Thomas,Davis,Male,37,European,Operations,Operations Manager,Manager,Mombasa HQ,2025-06-09,,Active,No,,14,Meets Expectations,166000,Lead/Manager,Bachelor's Degree,13,
EMP00601,Ryan,Sanchez,Male,40,Asian,Finance,Financial Analyst,Senior,Remote - Kenya,2021-03-21,,Active,No,,65,Meets Expectations,104000,Senior,Bachelor's Degree,18,EMP00072
EMP00602,Kevin,Warren,Male,26,African,Human Resources,HR Generalist,Mid-Level,Nairobi Office,2022-07-29,,Active,No,,49,Outstanding,55000,Mid,Bachelor's Degree,6,EMP00059
EMP00603,Randy,Collins,Non-Binary,40,Mixed Heritage,Sales,Regional Sales Director,Director+,Remote - Kenya,2025-08-25,,Active,No,,12,Meets Expectations,226000,Director+,Bachelor's Degree,15,EMP00057
EMP00604,Gina,Cook,Female,44,African,Engineering,DevOps Engineer,Mid-Level,Mombasa HQ,2021-12-24,,Active,No,,56,Meets Expectations,62000,Mid,Bachelor's Degree,24,EMP00083
EMP00605,Carol,Dixon,Female,37,African,Engineering,DevOps Engineer,Mid-Level,Nairobi Office,2025-06-02,2026-05-10,Terminated,Yes,Retirement,11,Meets Expectations,69000,Mid,Bachelor's Degree,15,EMP00191
EMP00606,Ashley,Hicks,Female,49,African,Human Resources,Compensation Analyst,Senior,Remote - East Africa,2019-08-11,2026-05-08,Terminated,Yes,End of Contract,80,Exceeds Expectations,98000,Senior,Diploma / Certificate,28,EMP00115
EMP00607,Taylor,Bailey,Male,27,African,Product,Product Manager,Manager,Mombasa HQ,2024-12-11,,Active,No,,20,Meets Expectations,215000,Lead/Manager,Bachelor's Degree,7,EMP00144
EMP00608,Nicholas,Fuentes,Male,24,African,Legal & Compliance,Compliance Officer,Mid-Level,Mombasa HQ,2025-09-25,,Active,No,,11,Meets Expectations,74000,Mid,Bachelor's Degree,0,EMP00178
EMP00609,Robert,Young,Male,22,African,Engineering,DevOps Engineer,Mid-Level,Mombasa HQ,2025-11-18,,Active,No,,9,Meets Expectations,66000,Mid,Bachelor's Degree,0,EMP00056
EMP00610,Charles,Gonzalez,Male,45,African,Customer Success,Customer Success Manager,Manager,Mombasa HQ,2023-04-08,,Active,No,,40,Meets Expectations,210000,Lead/Manager,Bachelor's Degree,21,
EMP00611,Lindsey,Wolf,Female,39,African,Engineering,Software Engineer,Senior,Remote - Kenya,2023-11-17,,Active,No,,33,Meets Expectations,137000,Senior,Master's Degree,19,EMP00095
EMP00612,Mary,Thompson,Female,33,African,Engineering,Tech Lead,Manager,Mombasa HQ,2026-01-10,2026-06-10,Terminated,Yes,Resignation - Better Opportunity,4,Outstanding,211000,Lead/Manager,Master's Degree,11,EMP00138
EMP00613,Raymond,Snyder,Male,36,Mixed Heritage,Customer Success,Customer Success Manager,Manager,Nairobi Office,2024-05-10,,Active,No,,27,Meets Expectations,198000,Lead/Manager,Diploma / Certificate,14,EMP00193
EMP00614,Nicole,Wolf,Female,24,European,Engineering,DevOps Engineer,Mid-Level,Kampala,2025-08-19,,Active,No,,12,Meets Expectations,74000,Mid,Diploma / Certificate,4,EMP00073
EMP00615,Jerry,Glass,Male,53,African,Sales,Account Executive,Mid-Level,Nairobi Office,2021-07-26,,Active,No,,61,Meets Expectations,78000,Mid,Diploma / Certificate,29,EMP00004
EMP00616,Kristy,Reid,Female,35,Asian,Customer Success,Onboarding Specialist,Mid-Level,Remote - East Africa,2025-09-24,,Active,No,,11,Meets Expectations,49000,Mid,Master's Degree,13,
EMP00617,Marcus,Lin,Male,34,African,Human Resources,Compensation Analyst,Senior,Nairobi Office,2024-11-02,,Active,No,,21,Meets Expectations,104000,Senior,Bachelor's Degree,11,EMP00140
EMP00618,Mark,Hernandez,Male,39,Asian,Sales,Sales Representative,Entry,Remote - Kenya,2024-02-16,2026-02-16,Terminated,Yes,Resignation - Personal/Family,24,Exceeds Expectations,31000,Entry,Diploma / Certificate,16,EMP00184
EMP00619,Andrea,Ramos,Female,37,Mixed Heritage,Marketing,Marketing Specialist,Mid-Level,Dar es Salaam,2022-12-05,,Active,No,,44,Exceeds Expectations,85000,Mid,Bachelor's Degree,17,EMP00046
EMP00620,Elizabeth,Hill,Female,35,African,Operations,Supply Chain Analyst,Mid-Level,Mombasa HQ,2025-07-03,,Active,No,,13,Meets Expectations,72000,Mid,Bachelor's Degree,13,EMP00020
EMP00621,Amy,Romero,Female,27,African,Human Resources,Recruiter,Mid-Level,Mombasa HQ,2025-05-26,,Active,No,,15,Meets Expectations,51000,Mid,Master's Degree,2,EMP00047
EMP00622,Eric,Hayes,Male,37,African,Human Resources,HR Generalist,Entry,Nairobi Office,2019-05-03,,Active,No,,87,Meets Expectations,33000,Entry,Master's Degree,14,EMP00138
EMP00623,Anthony,Decker,Male,49,African,Marketing,Brand Manager,Manager,Mombasa HQ,2025-09-09,2025-11-16,Terminated,Yes,Resignation - Personal/Family,2,Meets Expectations,147000,Lead/Manager,Bachelor's Degree,29,
EMP00624,Billy,Lin,Male,44,African,Product,UX Designer,Mid-Level,Mombasa HQ,2023-12-13,,Active,No,,32,Exceeds Expectations,80000,Mid,Diploma / Certificate,21,EMP00037
EMP00625,Savannah,Gilbert,Female,46,African,Engineering,Software Engineer,Senior,Mombasa HQ,2024-11-23,,Active,No,,21,Needs Improvement,108000,Senior,Bachelor's Degree,25,EMP00107
EMP00626,Jonathon,Ford,Male,29,Mixed Heritage,Sales,Account Executive,Mid-Level,Dar es Salaam,2019-06-09,,Active,No,,86,Meets Expectations,51000,Mid,Bachelor's Degree,8,
EMP00627,Kristen,Conner,Female,26,Mixed Heritage,Human Resources,Compensation Analyst,Mid-Level,Mombasa HQ,2023-11-09,,Active,No,,33,Outstanding,61000,Mid,Bachelor's Degree,6,
EMP00628,Stephanie,Cole,Female,32,African,Engineering,Senior Software Engineer,Senior,Remote - Kenya,2025-10-20,,Active,No,,10,Meets Expectations,126000,Senior,Bachelor's Degree,10,EMP00043
EMP00629,Rhonda,Pearson,Female,34,African,Sales,Sales Manager,Manager,Mombasa HQ,2026-05-10,,Active,No,,3,Meets Expectations,192000,Lead/Manager,High School,10,
EMP00630,Erica,Alvarez,Female,42,African,Product,Product Analyst,Mid-Level,Mombasa HQ,2020-05-06,,Active,No,,75,Needs Improvement,71000,Mid,Master's Degree,16,EMP00092
EMP00631,Brittany,Brown,Female,22,African,Human Resources,People Operations Specialist,Mid-Level,Remote - East Africa,2026-02-05,,Active,No,,6,Meets Expectations,58000,Mid,Diploma / Certificate,2,
EMP00632,Ashley,Nolan,Female,46,African,Human Resources,People Operations Specialist,Mid-Level,Remote - East Africa,2024-01-27,,Active,No,,31,Exceeds Expectations,79000,Mid,Bachelor's Degree,26,EMP00129
EMP00633,Greg,Klein,Male,32,African,Operations,Process Improvement Lead,Manager,Remote - Kenya,2022-08-18,,Active,No,,48,Needs Improvement,192000,Lead/Manager,Master's Degree,10,EMP00062
EMP00634,Jonathan,Thompson,Male,30,Other,Engineering,QA Engineer,Senior,Mombasa HQ,2023-03-14,,Active,No,,41,Exceeds Expectations,138000,Senior,Diploma / Certificate,9,
EMP00635,Danielle,Kim,Female,25,African,Engineering,Engineering Manager,Manager,Dar es Salaam,2024-02-01,,Active,No,,30,Meets Expectations,153000,Lead/Manager,Diploma / Certificate,5,EMP00036
EMP00636,Jessica,Mills,Female,22,European,Product,Product Owner,Entry,Mombasa HQ,2026-02-26,,Active,No,,6,Meets Expectations,42000,Entry,Master's Degree,2,EMP00116
EMP00637,Christopher,Watson,Male,40,African,Engineering,Tech Lead,Manager,Nairobi Office,2024-12-07,,Active,No,,20,Meets Expectations,143000,Lead/Manager,Master's Degree,14,
EMP00638,Diane,Ortiz,Female,34,African,Engineering,DevOps Engineer,Senior,Remote - East Africa,2024-08-24,,Active,No,,24,Exceeds Expectations,104000,Senior,Master's Degree,12,EMP00085
EMP00639,George,Harper,Male,23,African,Sales,Sales Manager,Manager,Mombasa HQ,2026-07-24,,Active,No,,1,Meets Expectations,220000,Lead/Manager,Bachelor's Degree,2,EMP00154
EMP00640,Rachel,Holland,Female,23,African,Human Resources,HR Business Partner,Mid-Level,Mombasa HQ,2025-06-25,,Active,No,,14,Meets Expectations,59000,Mid,High School,3,EMP00077
EMP00641,Austin,Davis,Male,31,African,Marketing,Brand Manager,Manager,Mombasa HQ,2021-11-11,,Active,No,,57,Meets Expectations,210000,Lead/Manager,Diploma / Certificate,9,EMP00122
EMP00642,Meghan,Mitchell,Female,47,European,Operations,Operations Manager,Manager,Mombasa HQ,2019-12-22,,Active,No,,80,Meets Expectations,217000,Lead/Manager,Bachelor's Degree,27,EMP00188
EMP00643,Nathaniel,Douglas,Male,31,Mixed Heritage,Finance,Finance Manager,Manager,Nairobi Office,2019-02-10,,Active,No,,90,Needs Improvement,141000,Lead/Manager,Bachelor's Degree,7,EMP00033
EMP00644,Terrence,Marks,Male,22,African,Customer Success,Customer Success Manager,Manager,Remote - Kenya,2026-02-20,,Active,No,,6,Meets Expectations,143000,Lead/Manager,Bachelor's Degree,2,EMP00095
EMP00645,Gavin,Aguilar,Male,32,African,Marketing,Marketing Specialist,Mid-Level,Remote - International,2022-01-25,,Active,No,,55,Meets Expectations,57000,Mid,Bachelor's Degree,10,EMP00046
EMP00646,Charles,Bailey,Male,31,African,Operations,Supply Chain Analyst,Mid-Level,Mombasa HQ,2023-06-29,,Active,No,,38,Exceeds Expectations,69000,Mid,Master's Degree,11,
EMP00647,Tracy,Hale,Female,22,African,Marketing,Marketing Specialist,Senior,Mombasa HQ,2025-10-12,,Active,No,,10,Needs Improvement,119000,Senior,Bachelor's Degree,0,EMP00058
EMP00648,Jenna,Larson,Female,33,African,Human Resources,Compensation Analyst,Mid-Level,Nairobi Office,2019-06-09,,Active,No,,86,Needs Improvement,53000,Mid,Master's Degree,11,EMP00073
EMP00649,Todd,Collins,Male,32,Asian,Engineering,Tech Lead,Manager,Remote - Kenya,2022-01-07,2024-04-12,Terminated,Yes,Termination - Performance,27,Meets Expectations,161000,Lead/Manager,Bachelor's Degree,9,
EMP00650,Jamie,Conner,Female,39,African,Legal & Compliance,Compliance Officer,Entry,Nairobi Office,2025-03-23,,Active,No,,17,Exceeds Expectations,44000,Entry,Master's Degree,16,EMP00041
EMP00651,Robin,Santiago,Female,48,African,Operations,Operations Coordinator,Senior,Nairobi Office,2024-11-19,,Active,No,,21,Meets Expectations,92000,Senior,Bachelor's Degree,28,EMP00152
EMP00652,Sandra,Rodgers,Female,43,African,Sales,Business Development Rep,Mid-Level,Dar es Salaam,2019-07-22,,Active,No,,85,Meets Expectations,82000,Mid,Bachelor's Degree,23,EMP00138
EMP00653,Michael,Fox,Male,31,African,Marketing,Brand Manager,Manager,Dar es Salaam,2020-03-03,2021-09-16,Terminated,Yes,Resignation - Better Opportunity,18,Meets Expectations,202000,Lead/Manager,Master's Degree,11,
EMP00654,Maria,Henderson,Female,25,Asian,Operations,Supply Chain Analyst,Senior,Remote - Kenya,2026-03-29,,Active,No,,5,Exceeds Expectations,96000,Senior,Bachelor's Degree,5,EMP00042
EMP00655,Ivan,Cox,Male,54,European,Sales,Sales Representative,Mid-Level,Nairobi Office,2021-03-29,,Active,No,,65,Needs Improvement,71000,Mid,Diploma / Certificate,32,EMP00032
EMP00656,Christopher,Lewis,Male,34,African,Engineering,Software Engineer,Mid-Level,Remote - International,2022-12-30,2023-11-14,Terminated,Yes,Resignation - Better Opportunity,10,Meets Expectations,66000,Mid,Bachelor's Degree,11,EMP00142
EMP00657,Travis,Tucker,Male,34,African,Customer Success,Onboarding Specialist,Senior,Mombasa HQ,2018-12-18,,Active,No,,92,Outstanding,112000,Senior,Diploma / Certificate,12,EMP00151
EMP00658,Darrell,Taylor,Male,33,European,Engineering,Senior Software Engineer,Senior,Nairobi Office,2019-09-07,,Active,No,,83,Meets Expectations,137000,Senior,Bachelor's Degree,11,EMP00017
EMP00659,Angela,Richard,Female,35,African,Operations,Operations Coordinator,Senior,Mombasa HQ,2022-03-15,2024-03-04,Terminated,Yes,Resignation - Personal/Family,23,Meets Expectations,99000,Senior,Master's Degree,11,EMP00096
EMP00660,Ashley,Wise,Female,32,African,Engineering,Engineering Manager,Manager,Remote - Kenya,2023-01-23,,Active,No,,43,Meets Expectations,150000,Lead/Manager,Bachelor's Degree,11,
EMP00661,Russell,Stephenson,Male,29,African,Customer Success,Customer Success Manager,Manager,Mombasa HQ,2024-06-16,,Active,No,,26,Needs Improvement,186000,Lead/Manager,Bachelor's Degree,6,
EMP00662,Amanda,Rogers,Female,29,African,Operations,Process Improvement Lead,Manager,Dar es Salaam,2021-06-28,,Active,No,,62,Meets Expectations,166000,Lead/Manager,Bachelor's Degree,3,EMP00011
EMP00663,Ralph,Anderson,Male,33,Asian,Engineering,Software Engineer,Mid-Level,Nairobi Office,2025-10-10,,Active,No,,10,Meets Expectations,49000,Mid,Bachelor's Degree,12,EMP00117
EMP00664,Jamie,Martin,Female,29,African,Operations,Operations Coordinator,Senior,Mombasa HQ,2023-01-18,,Active,No,,43,Meets Expectations,137000,Senior,Master's Degree,6,EMP00095
EMP00665,Ronald,Wise,Male,28,African,Marketing,Marketing Analyst,Senior,Remote - East Africa,2023-04-04,,Active,No,,40,Meets Expectations,136000,Senior,Master's Degree,6,EMP00044
EMP00666,Rhonda,Martin,Female,34,African,Product,Product Owner,Entry,Nairobi Office,2021-08-28,,Active,No,,60,Meets Expectations,31000,Entry,Master's Degree,14,EMP00072
EMP00667,Jessica,Jenkins,Female,31,Asian,Engineering,Tech Lead,Manager,Mombasa HQ,2023-12-14,,Active,No,,32,Meets Expectations,179000,Lead/Manager,Bachelor's Degree,11,
EMP00668,Michael,Young,Male,46,African,Engineering,Tech Lead,Manager,Remote - Kenya,2020-10-01,,Active,No,,70,Outstanding,157000,Lead/Manager,Diploma / Certificate,26,
EMP00669,Jeremy,Mitchell,Male,22,European,Sales,Account Executive,Entry,Dar es Salaam,2026-07-28,,Active,No,,1,Meets Expectations,32000,Entry,Bachelor's Degree,0,EMP00038
EMP00670,Paul,Cole,Male,42,African,Operations,Operations Coordinator,Senior,Nairobi Office,2022-09-21,,Active,No,,47,Meets Expectations,98000,Senior,High School,19,EMP00129
EMP00671,Kimberly,Collins,Female,43,African,Operations,Supply Chain Analyst,Mid-Level,Remote - Kenya,2023-05-16,,Active,No,,39,Meets Expectations,56000,Mid,Bachelor's Degree,19,EMP00028
EMP00672,Rhonda,Harrison,Female,22,African,Finance,Accountant,Mid-Level,Nairobi Office,2026-07-12,,Active,No,,1,Exceeds Expectations,54000,Mid,Bachelor's Degree,2,EMP00057
EMP00673,Sandy,Richardson,Female,31,African,Finance,Finance Manager,Manager,Nairobi Office,2026-08-20,,Active,No,,1,Exceeds Expectations,180000,Lead/Manager,Bachelor's Degree,7,EMP00177
EMP00674,Theresa,Joyce,Female,31,African,Engineering,Engineering Manager,Manager,Remote - East Africa,2021-05-07,2022-12-28,Terminated,Yes,Termination - Restructuring,19,Meets Expectations,195000,Lead/Manager,Bachelor's Degree,11,
EMP00675,Julia,Campbell,Female,22,African,Engineering,DevOps Engineer,Mid-Level,Mombasa HQ,2026-04-06,,Active,No,,4,Meets Expectations,65000,Mid,Master's Degree,1,
EMP00676,James,Rose,Male,27,African,Engineering,Tech Lead,Manager,Mombasa HQ,2022-08-01,,Active,No,,49,Meets Expectations,167000,Lead/Manager,Bachelor's Degree,4,
EMP00677,Vincent,Montoya,Male,25,African,Marketing,Marketing Analyst,Mid-Level,Nairobi Office,2022-12-21,,Active,No,,44,Needs Improvement,56000,Mid,Diploma / Certificate,1,EMP00111
EMP00678,Robert,Taylor,Male,48,African,Engineering,Tech Lead,Manager,Dar es Salaam,2019-01-21,,Active,No,,91,Outstanding,147000,Lead/Manager,Diploma / Certificate,28,EMP00174
EMP00679,Danielle,Davidson,Female,41,Other,Engineering,Engineering Manager,Manager,Remote - East Africa,2020-11-01,,Active,No,,69,Meets Expectations,171000,Lead/Manager,Bachelor's Degree,21,EMP00089
EMP00680,Shelly,Spencer,Female,44,African,Engineering,Software Engineer,Mid-Level,Mombasa HQ,2019-03-21,,Active,No,,89,Needs Improvement,72000,Mid,Master's Degree,22,EMP00056
EMP00681,Ashley,Singleton,Female,39,African,Engineering,QA Engineer,Mid-Level,Remote - Kenya,2025-02-14,,Active,No,,18,Exceeds Expectations,65000,Mid,Master's Degree,19,EMP00040
EMP00682,Sarah,Mitchell,Female,24,African,Legal & Compliance,Paralegal,Entry,Remote - International,2024-01-06,2026-01-29,Terminated,Yes,Resignation - Career Growth,24,Meets Expectations,45000,Entry,Diploma / Certificate,1,
EMP00683,Pamela,Nelson,Female,29,African,Engineering,Engineering Manager,Manager,Mombasa HQ,2019-01-03,,Active,No,,91,Meets Expectations,188000,Lead/Manager,Master's Degree,4,EMP00077
EMP00684,Taylor,Hernandez,Male,37,African,Customer Success,Onboarding Specialist,Mid-Level,Nairobi Office,2023-02-26,,Active,No,,42,Meets Expectations,60000,Mid,Diploma / Certificate,17,EMP00106
EMP00685,Jeffrey,Potts,Male,24,African,Operations,Process Improvement Lead,Manager,Dar es Salaam,2023-10-19,,Active,No,,34,Exceeds Expectations,142000,Lead/Manager,Diploma / Certificate,1,
EMP00686,Courtney,Hayes,Female,39,Asian,Marketing,Content Manager,Manager,Mombasa HQ,2025-09-20,,Active,No,,11,Exceeds Expectations,172000,Lead/Manager,Master's Degree,14,
EMP00687,Hannah,Johnson,Female,32,African,Engineering,DevOps Engineer,Senior,Mombasa HQ,2024-05-15,,Active,No,,27,Outstanding,133000,Senior,Bachelor's Degree,12,EMP00164
EMP00688,Anthony,Shaw,Male,31,Mixed Heritage,Marketing,Digital Marketing Manager,Manager,Mombasa HQ,2024-06-01,2026-04-10,Terminated,Yes,Termination - Restructuring,22,Meets Expectations,190000,Lead/Manager,Master's Degree,10,
EMP00689,Cynthia,Vang,Female,39,African,Sales,Business Development Rep,Mid-Level,Remote - Kenya,2023-10-01,,Active,No,,35,Exceeds Expectations,47000,Mid,Doctorate,19,EMP00163
EMP00690,Jade,Johnson,Female,37,Asian,Sales,Account Executive,Mid-Level,Nairobi Office,2023-06-02,2026-05-06,Terminated,Yes,Resignation - Personal/Family,35,Meets Expectations,71000,Mid,Bachelor's Degree,15,EMP00119
EMP00691,Tara,Combs,Female,31,African,Operations,Logistics Specialist,Mid-Level,Kampala,2019-05-17,,Active,No,,87,Needs Improvement,56000,Mid,Bachelor's Degree,11,EMP00120
EMP00692,Marie,Moody,Female,43,European,Product,Product Owner,Entry,Mombasa HQ,2020-10-12,2022-08-23,Terminated,Yes,Resignation - Personal/Family,22,Exceeds Expectations,45000,Entry,Bachelor's Degree,23,EMP00036
EMP00693,Brenda,Mitchell,Female,25,European,Engineering,Tech Lead,Manager,Remote - East Africa,2023-04-10,,Active,No,,40,Exceeds Expectations,164000,Lead/Manager,Bachelor's Degree,3,
EMP00694,Ronald,Horton,Male,38,African,Finance,FP&A Analyst,Senior,Mombasa HQ,2025-08-02,,Active,No,,12,Exceeds Expectations,104000,Senior,High School,16,EMP00198
EMP00695,Charles,Thornton,Male,38,Asian,Marketing,Content Manager,Manager,Remote - Kenya,2025-12-22,2026-03-10,Terminated,Yes,Resignation - Personal/Family,2,Meets Expectations,148000,Lead/Manager,Bachelor's Degree,13,
EMP00696,Shane,Smith,Non-Binary,31,African,Sales,Sales Representative,Mid-Level,Nairobi Office,2021-10-05,,Active,No,,58,Exceeds Expectations,60000,Mid,Diploma / Certificate,10,EMP00050
EMP00697,Angela,Scott,Female,36,Asian,Sales,Sales Representative,Mid-Level,Remote - Kenya,2020-04-18,2022-07-16,Terminated,Yes,Resignation - Career Growth,26,Outstanding,72000,Mid,Master's Degree,15,EMP00049
EMP00698,Sandy,Dunn,Female,23,European,Marketing,Marketing Analyst,Senior,Mombasa HQ,2025-06-21,,Active,No,,14,Meets Expectations,113000,Senior,Master's Degree,3,EMP00026
EMP00699,Monica,Rose,Female,41,Asian,Sales,Account Executive,Entry,Mombasa HQ,2018-10-13,,Active,No,,94,Meets Expectations,36000,Entry,Bachelor's Degree,20,EMP00062
EMP00700,Ashley,Roberts,Female,32,African,Marketing,Marketing Analyst,Mid-Level,Mombasa HQ,2019-05-06,,Active,No,,87,Meets Expectations,61000,Mid,Diploma / Certificate,9,EMP00036
EMP00701,Eric,Williams,Male,29,European,Engineering,Tech Lead,Manager,Mombasa HQ,2020-05-06,,Active,No,,75,Exceeds Expectations,166000,Lead/Manager,High School,4,EMP00107
EMP00702,Jennifer,Bauer,Female,42,African,Customer Success,Customer Success Manager,Manager,Mombasa HQ,2021-02-05,,Active,No,,66,Meets Expectations,211000,Lead/Manager,Bachelor's Degree,20,EMP00059
EMP00703,Joyce,Rodriguez,Female,28,African,Sales,Sales Representative,Entry,Nairobi Office,2021-04-06,,Active,No,,64,Exceeds Expectations,41000,Entry,Bachelor's Degree,8,EMP00036
EMP00704,Susan,Carlson,Female,22,African,Sales,Sales Representative,Mid-Level,Remote - East Africa,2026-05-06,2026-07-18,Terminated,Yes,Retirement,2,Exceeds Expectations,84000,Mid,Bachelor's Degree,1,EMP00004
EMP00705,Alexis,Robertson,Female,22,African,Marketing,Content Manager,Manager,Mombasa HQ,2026-03-06,,Active,No,,5,Outstanding,205000,Lead/Manager,Diploma / Certificate,2,EMP00169
EMP00706,Dana,Thomas,Female,38,African,Sales,Sales Representative,Entry,Dar es Salaam,2018-09-03,,Active,No,,95,Meets Expectations,44000,Entry,Master's Degree,18,EMP00069
EMP00707,Jeffrey,Mendez,Male,23,African,Engineering,QA Engineer,Mid-Level,Mombasa HQ,2026-02-05,,Active,No,,6,Meets Expectations,47000,Mid,Bachelor's Degree,0,EMP00032
EMP00708,Cynthia,Butler,Female,48,African,Engineering,Senior Software Engineer,Senior,Mombasa HQ,2021-01-27,,Active,No,,67,Meets Expectations,87000,Senior,Bachelor's Degree,26,EMP00016
EMP00709,Mary,Miller,Female,22,African,Engineering,QA Engineer,Mid-Level,Kampala,2025-09-29,2026-02-14,Terminated,Yes,Resignation - Better Opportunity,4,Exceeds Expectations,46000,Mid,Diploma / Certificate,0,EMP00194
EMP00710,William,Jones,Male,47,African,Product,UX Designer,Mid-Level,Kampala,2026-01-11,,Active,No,,7,Outstanding,69000,Mid,Master's Degree,25,EMP00137
EMP00711,Joseph,Romero,Male,35,African,Operations,Process Improvement Lead,Manager,Remote - International,2023-12-31,2026-05-27,Terminated,Yes,Resignation - Career Growth,28,Meets Expectations,198000,Lead/Manager,Master's Degree,15,EMP00076
EMP00712,Virginia,Spencer,Female,33,African,Engineering,DevOps Engineer,Mid-Level,Remote - East Africa,2025-04-10,,Active,No,,16,Exceeds Expectations,56000,Mid,Bachelor's Degree,7,EMP00005
EMP00713,James,Harrison,Male,29,African,Operations,Logistics Specialist,Mid-Level,Nairobi Office,2023-07-27,,Active,No,,37,Outstanding,59000,Mid,Bachelor's Degree,3,EMP00071
EMP00714,Madison,Zavala,Female,37,African,Engineering,DevOps Engineer,Mid-Level,Mombasa HQ,2026-03-28,,Active,No,,5,Meets Expectations,70000,Mid,High School,17,EMP00059
EMP00715,Dawn,Smith,Female,33,European,Sales,Sales Manager,Manager,Nairobi Office,2026-03-02,,Active,No,,6,Needs Improvement,218000,Lead/Manager,Master's Degree,12,
EMP00716,Rachel,Cooper,Female,42,African,Engineering,QA Engineer,Mid-Level,Dar es Salaam,2023-01-03,,Active,No,,43,Outstanding,78000,Mid,Master's Degree,19,EMP00076
EMP00717,Morgan,Fuller,Female,34,African,Customer Success,Support Specialist,Mid-Level,Remote - Kenya,2020-12-09,,Active,No,,68,Exceeds Expectations,57000,Mid,Diploma / Certificate,13,EMP00097
EMP00718,Raymond,Moss,Male,35,African,Marketing,Marketing Specialist,Senior,Nairobi Office,2021-01-08,,Active,No,,67,Exceeds Expectations,93000,Senior,Master's Degree,15,
EMP00719,Gary,Williams,Male,31,African,Marketing,Marketing Specialist,Senior,Mombasa HQ,2023-12-07,,Active,No,,32,Outstanding,121000,Senior,Diploma / Certificate,7,EMP00030
EMP00720,Kimberly,Li,Female,33,African,Finance,Controller,Mid-Level,Nairobi Office,2021-03-28,,Active,No,,65,Meets Expectations,80000,Mid,Bachelor's Degree,13,EMP00033
EMP00721,Christopher,Maxwell,Male,36,African,Product,Product Analyst,Senior,Mombasa HQ,2023-02-24,,Active,No,,42,Meets Expectations,107000,Senior,Bachelor's Degree,14,EMP00198
EMP00722,Julie,Dominguez,Female,22,African,Engineering,Senior Software Engineer,Senior,Mombasa HQ,2026-01-04,2026-03-13,Terminated,Yes,Termination - Performance,2,Needs Improvement,133000,Senior,Bachelor's Degree,1,
EMP00723,Mark,Cain,Male,23,African,Operations,Process Improvement Lead,Manager,Mombasa HQ,2024-09-02,,Active,No,,23,Exceeds Expectations,213000,Lead/Manager,Bachelor's Degree,0,
EMP00724,Arthur,Parsons,Male,39,European,IT Support,IT Support Specialist,Mid-Level,Nairobi Office,2021-04-26,,Active,No,,64,Exceeds Expectations,82000,Mid,Bachelor's Degree,16,EMP00131
EMP00725,Jimmy,Carter,Male,35,African,Sales,Sales Representative,Mid-Level,Nairobi Office,2020-01-28,,Active,No,,79,Meets Expectations,60000,Mid,Bachelor's Degree,14,
EMP00726,Andrew,Gonzalez,Male,32,African,Operations,Process Improvement Lead,Manager,Remote - Kenya,2025-01-23,,Active,No,,19,Exceeds Expectations,186000,Lead/Manager,Bachelor's Degree,9,EMP00072
EMP00727,Amanda,Mahoney,Female,34,African,Customer Success,CS Team Lead,Manager,Remote - East Africa,2024-10-08,,Active,No,,22,Outstanding,148000,Lead/Manager,Bachelor's Degree,10,EMP00171
EMP00728,Jose,Hays,Male,36,African,Engineering,Software Engineer,Mid-Level,Mombasa HQ,2024-06-24,,Active,No,,26,Needs Improvement,79000,Mid,Master's Degree,14,EMP00147
EMP00729,Kimberly,King,Female,29,African,Operations,Logistics Specialist,Mid-Level,Mombasa HQ,2021-10-27,2022-10-02,Terminated,Yes,Mutual Agreement,11,Exceeds Expectations,78000,Mid,Bachelor's Degree,9,EMP00021
EMP00730,Paul,Lee,Male,27,African,Finance,Accountant,Mid-Level,Nairobi Office,2025-11-02,,Active,No,,9,Exceeds Expectations,58000,Mid,Bachelor's Degree,6,EMP00134
EMP00731,Heather,Norman,Female,35,African,Engineering,QA Engineer,Senior,Nairobi Office,2022-06-14,,Active,No,,50,Meets Expectations,133000,Senior,High School,15,EMP00048
EMP00732,Sean,Rivera,Male,26,African,Finance,Finance Manager,Manager,Mombasa HQ,2024-03-26,,Active,No,,29,Meets Expectations,151000,Lead/Manager,Bachelor's Degree,3,EMP00068
EMP00733,Caleb,Richardson,Male,37,African,Customer Success,Support Specialist,Senior,Nairobi Office,2019-03-06,,Active,No,,89,Meets Expectations,112000,Senior,Bachelor's Degree,16,EMP00025
EMP00734,Stacy,Paul,Female,22,African,Engineering,Engineering Manager,Manager,Mombasa HQ,2026-03-22,,Active,No,,5,Meets Expectations,174000,Lead/Manager,Bachelor's Degree,2,EMP00126
EMP00735,Stephanie,Hughes,Female,42,European,Customer Success,Support Specialist,Mid-Level,Nairobi Office,2023-09-26,,Active,No,,35,Exceeds Expectations,56000,Mid,Bachelor's Degree,18,EMP00014
EMP00736,William,Crawford,Male,37,African,Engineering,Tech Lead,Manager,Remote - International,2024-10-19,,Active,No,,22,Meets Expectations,158000,Lead/Manager,Bachelor's Degree,17,EMP00034
EMP00737,Kathleen,Glass,Female,36,African,Customer Success,Customer Success Manager,Manager,Mombasa HQ,2020-06-20,2022-12-29,Terminated,Yes,Resignation - Personal/Family,30,Meets Expectations,216000,Lead/Manager,Master's Degree,14,EMP00184
EMP00738,Kelly,Owen,Female,41,African,Engineering,Senior Software Engineer,Senior,Remote - East Africa,2026-06-11,,Active,No,,2,Meets Expectations,135000,Senior,Bachelor's Degree,19,
EMP00739,Monica,Miller,Female,47,African,Engineering,Software Engineer,Mid-Level,Mombasa HQ,2022-03-05,,Active,No,,53,Meets Expectations,76000,Mid,Diploma / Certificate,27,
EMP00740,Lance,Short,Male,42,European,Finance,Controller,Entry,Nairobi Office,2024-06-28,,Active,No,,26,Exceeds Expectations,40000,Entry,Diploma / Certificate,19,EMP00078
EMP00741,Joshua,Morris,Male,22,African,Engineering,Senior Software Engineer,Senior,Kampala,2026-05-11,,Active,No,,3,Meets Expectations,90000,Senior,Bachelor's Degree,0,EMP00063
EMP00742,Bobby,Guerrero,Male,23,African,Engineering,DevOps Engineer,Senior,Mombasa HQ,2025-07-22,,Active,No,,13,Meets Expectations,137000,Senior,Bachelor's Degree,0,EMP00037
EMP00743,Eric,Morrison,Male,29,African,Marketing,Marketing Specialist,Mid-Level,Remote - East Africa,2019-10-03,,Active,No,,82,Exceeds Expectations,52000,Mid,Diploma / Certificate,9,
EMP00744,Jessica,Norris,Female,34,African,Operations,Logistics Specialist,Mid-Level,Nairobi Office,2023-08-30,,Active,No,,36,Exceeds Expectations,59000,Mid,Bachelor's Degree,9,EMP00167
EMP00745,Gregory,Williams,Male,38,Other,Engineering,DevOps Engineer,Senior,Mombasa HQ,2018-10-29,2019-02-21,Terminated,Yes,Resignation - Better Opportunity,3,Exceeds Expectations,113000,Senior,Diploma / Certificate,18,EMP00030
EMP00746,Sergio,Gomez,Male,28,African,Sales,Regional Sales Director,Director+,Mombasa HQ,2022-03-11,2024-01-02,Terminated,Yes,Resignation - Career Growth,21,Exceeds Expectations,299000,Director+,Diploma / Certificate,5,
EMP00747,Yvette,Hill,Female,35,African,Customer Success,Support Specialist,Mid-Level,Remote - Kenya,2023-11-07,,Active,No,,33,Meets Expectations,66000,Mid,Bachelor's Degree,13,EMP00035
EMP00748,Veronica,Gould,Female,27,African,Sales,Regional Sales Director,Director+,Nairobi Office,2024-07-25,2026-01-05,Terminated,Yes,Resignation - Personal/Family,17,Needs Improvement,222000,Director+,High School,7,EMP00090
EMP00749,Angela,Walsh,Female,29,African,Customer Success,Support Specialist,Mid-Level,Nairobi Office,2023-03-29,,Active,No,,41,Outstanding,46000,Mid,Master's Degree,8,EMP00052
EMP00750,Heidi,Owen,Female,22,African,Sales,Account Executive,Entry,Nairobi Office,2025-10-06,,Active,No,,10,Exceeds Expectations,29000,Entry,Diploma / Certificate,0,EMP00189
EMP00751,Meghan,Cisneros,Female,26,African,Marketing,Brand Manager,Manager,Dar es Salaam,2025-11-12,,Active,No,,9,Meets Expectations,157000,Lead/Manager,Diploma / Certificate,1,
EMP00752,Brenda,Lawson,Female,23,Asian,Operations,Logistics Specialist,Mid-Level,Mombasa HQ,2025-08-03,,Active,No,,12,Exceeds Expectations,64000,Mid,Diploma / Certificate,1,
EMP00753,Richard,Johnson,Male,26,African,Customer Success,Support Specialist,Senior,Dar es Salaam,2023-12-03,,Active,No,,32,Meets Expectations,137000,Senior,Master's Degree,3,EMP00046
EMP00754,Austin,Osborne,Male,42,African,Sales,Sales Manager,Manager,Mombasa HQ,2024-07-11,,Active,No,,25,Exceeds Expectations,208000,Lead/Manager,Bachelor's Degree,20,
EMP00755,Holly,Reyes,Female,26,African,Engineering,QA Engineer,Mid-Level,Remote - International,2026-06-25,,Active,No,,2,Meets Expectations,49000,Mid,Master's Degree,2,EMP00071
EMP00756,Keith,Jacobs,Male,55,Other,Customer Success,Customer Success Manager,Manager,Mombasa HQ,2021-05-11,,Active,No,,63,Meets Expectations,209000,Lead/Manager,Bachelor's Degree,31,EMP00157
EMP00757,Michael,Rush,Male,37,African,Product,Product Analyst,Senior,Dar es Salaam,2021-09-11,2022-05-28,Terminated,Yes,Termination - Performance,8,Needs Improvement,95000,Senior,Master's Degree,15,EMP00189
EMP00758,Jacqueline,Hines,Female,35,Other,Sales,Sales Manager,Manager,Remote - Kenya,2026-07-05,,Active,No,,1,Exceeds Expectations,212000,Lead/Manager,Bachelor's Degree,15,
EMP00759,Laura,Moreno,Female,27,African,Marketing,Marketing Analyst,Mid-Level,Mombasa HQ,2024-09-23,,Active,No,,23,Outstanding,56000,Mid,Bachelor's Degree,4,EMP00031
EMP00760,James,Banks,Male,39,African,Engineering,QA Engineer,Senior,Remote - East Africa,2025-09-13,,Active,No,,11,Outstanding,90000,Senior,Master's Degree,19,EMP00056
EMP00761,Danielle,Wilson,Female,29,Asian,Customer Success,Onboarding Specialist,Mid-Level,Mombasa HQ,2025-03-07,,Active,No,,17,Meets Expectations,74000,Mid,Bachelor's Degree,9,EMP00106
EMP00762,Nancy,Porter,Female,34,Other,Engineering,Senior Software Engineer,Senior,Remote - Kenya,2025-08-19,,Active,No,,12,Meets Expectations,100000,Senior,Diploma / Certificate,11,EMP00162
EMP00763,Jasmine,Hoffman,Female,54,African,Finance,Accountant,Entry,Remote - Kenya,2019-06-04,,Active,No,,86,Meets Expectations,42000,Entry,Diploma / Certificate,31,EMP00191
EMP00764,Deborah,Green,Female,33,African,Human Resources,HR Business Partner,Mid-Level,Remote - Kenya,2019-08-04,2026-05-02,Terminated,Yes,Resignation - Personal/Family,80,Meets Expectations,53000,Mid,Master's Degree,12,EMP00083
EMP00765,Jill,Davies,Female,43,African,Finance,Finance Manager,Manager,Mombasa HQ,2022-08-27,,Active,No,,48,Meets Expectations,210000,Lead/Manager,Bachelor's Degree,22,EMP00117
EMP00766,Donna,Hendricks,Female,28,Asian,Customer Success,Onboarding Specialist,Senior,Remote - East Africa,2022-03-03,,Active,No,,53,Exceeds Expectations,111000,Senior,Bachelor's Degree,8,EMP00130
EMP00767,John,Martinez,Male,33,African,Sales,Regional Sales Director,Director+,Mombasa HQ,2023-04-19,,Active,No,,40,Outstanding,344000,Director+,High School,8,
EMP00768,Sarah,Hayes,Female,48,African,Sales,Sales Manager,Manager,Mombasa HQ,2021-07-11,,Active,No,,61,Exceeds Expectations,203000,Lead/Manager,Master's Degree,27,EMP00079
EMP00769,Steven,Wallace,Male,28,African,Sales,Account Executive,Mid-Level,Kampala,2021-04-25,2024-07-24,Terminated,Yes,Resignation - Career Growth,38,Exceeds Expectations,62000,Mid,Bachelor's Degree,4,EMP00119
EMP00770,Brandon,Fleming,Male,48,African,Finance,Financial Analyst,Mid-Level,Remote - Kenya,2021-11-27,,Active,No,,57,Meets Expectations,58000,Mid,Bachelor's Degree,28,EMP00007
EMP00771,Sarah,Flores,Female,39,African,Engineering,QA Engineer,Mid-Level,Mombasa HQ,2025-10-20,2026-02-05,Terminated,Yes,Resignation - Better Opportunity,3,Meets Expectations,54000,Mid,High School,16,EMP00047
EMP00772,Gregory,Brown,Male,29,African,Operations,Supply Chain Analyst,Mid-Level,Mombasa HQ,2022-03-15,,Active,No,,53,Meets Expectations,72000,Mid,Master's Degree,7,EMP00026
EMP00773,Kimberly,Vance,Female,39,African,Customer Success,Onboarding Specialist,Senior,Mombasa HQ,2021-03-20,,Active,No,,65,Meets Expectations,86000,Senior,Bachelor's Degree,14,EMP00190
EMP00774,Samuel,Joseph,Male,41,European,Customer Success,Onboarding Specialist,Mid-Level,Mombasa HQ,2021-11-30,,Active,No,,57,Exceeds Expectations,76000,Mid,Master's Degree,20,EMP00182
EMP00775,Timothy,Little,Male,38,African,Customer Success,Support Specialist,Mid-Level,Mombasa HQ,2021-03-06,2024-09-13,Terminated,Yes,Resignation - Career Growth,42,Meets Expectations,70000,Mid,Bachelor's Degree,16,EMP00007
EMP00776,Rebecca,Hicks,Female,22,African,Operations,Operations Manager,Manager,Mombasa HQ,2026-07-06,,Active,No,,1,Exceeds Expectations,163000,Lead/Manager,Bachelor's Degree,2,
EMP00777,Barbara,Harris,Female,28,Other,Sales,Account Executive,Mid-Level,Remote - International,2020-10-18,2024-08-15,Terminated,Yes,Resignation - Personal/Family,45,Meets Expectations,62000,Mid,Bachelor's Degree,8,EMP00026
EMP00778,Charles,Tyler,Male,32,Asian,Engineering,Tech Lead,Manager,Kampala,2023-10-15,,Active,No,,34,Needs Improvement,146000,Lead/Manager,Bachelor's Degree,11,
EMP00779,Alexander,Spencer,Male,33,Asian,Customer Success,CS Team Lead,Manager,Remote - Kenya,2020-03-28,,Active,No,,77,Meets Expectations,189000,Lead/Manager,Bachelor's Degree,13,
EMP00780,Jacob,Lara,Male,38,African,Operations,Operations Coordinator,Senior,Remote - International,2019-04-20,,Active,No,,88,Meets Expectations,135000,Senior,Bachelor's Degree,18,EMP00057
EMP00781,Kristen,Salazar,Female,35,African,Engineering,Tech Lead,Manager,Kampala,2021-12-13,,Active,No,,56,Meets Expectations,166000,Lead/Manager,Bachelor's Degree,14,
EMP00782,Angelica,Parker,Female,23,European,Engineering,Engineering Manager,Manager,Dar es Salaam,2026-03-11,,Active,No,,5,Needs Improvement,206000,Lead/Manager,Bachelor's Degree,2,EMP00162
EMP00783,Zachary,Higgins,Male,37,African,Operations,Supply Chain Analyst,Mid-Level,Nairobi Office,2021-06-05,,Active,No,,62,Meets Expectations,75000,Mid,Bachelor's Degree,17,EMP00196
EMP00784,Joseph,Hammond,Male,38,African,Sales,Sales Manager,Manager,Nairobi Office,2019-11-11,2024-06-17,Terminated,Yes,Resignation - Better Opportunity,55,Outstanding,185000,Lead/Manager,Master's Degree,18,
EMP00785,Samantha,Jones,Female,38,European,Human Resources,People Operations Specialist,Mid-Level,Remote - Kenya,2025-06-26,,Active,No,,14,Exceeds Expectations,59000,Mid,Bachelor's Degree,18,EMP00137
EMP00786,William,Day,Male,42,African,Engineering,DevOps Engineer,Mid-Level,Remote - Kenya,2023-06-08,,Active,No,,38,Exceeds Expectations,64000,Mid,Master's Degree,22,EMP00026
EMP00787,Joanna,Frazier,Female,40,African,Engineering,Tech Lead,Manager,Remote - Kenya,2019-10-31,,Active,No,,82,Meets Expectations,173000,Lead/Manager,High School,18,EMP00084
EMP00788,Haley,Humphrey,Female,37,African,Customer Success,Support Specialist,Mid-Level,Nairobi Office,2020-12-07,,Active,No,,68,Meets Expectations,64000,Mid,Bachelor's Degree,16,EMP00045
EMP00789,Penny,Bowman,Female,33,European,Operations,Operations Manager,Manager,Mombasa HQ,2023-12-03,,Active,No,,32,Meets Expectations,166000,Lead/Manager,Diploma / Certificate,11,EMP00165
EMP00790,Christopher,Burch,Male,22,African,Sales,Business Development Rep,Mid-Level,Nairobi Office,2026-08-16,,Active,No,,1,Meets Expectations,80000,Mid,Bachelor's Degree,0,EMP00107
EMP00791,Jeffrey,Bartlett,Male,37,Other,Legal & Compliance,Paralegal,Mid-Level,Remote - East Africa,2025-12-31,,Active,No,,8,Exceeds Expectations,74000,Mid,Bachelor's Degree,15,EMP00184
EMP00792,Amy,Martinez,Female,35,African,Product,Product Owner,Mid-Level,Mombasa HQ,2024-10-09,,Active,No,,22,Meets Expectations,50000,Mid,Master's Degree,15,EMP00068
EMP00793,Christian,Martin,Male,36,Asian,Sales,Sales Representative,Mid-Level,Remote - East Africa,2021-08-14,,Active,No,,60,Meets Expectations,73000,Mid,Bachelor's Degree,13,
EMP00794,Frank,Fletcher,Male,23,African,Engineering,Senior Software Engineer,Senior,Mombasa HQ,2024-11-21,,Active,No,,21,Exceeds Expectations,133000,Senior,Bachelor's Degree,3,EMP00033
EMP00795,Hannah,Everett,Female,25,African,Sales,Sales Manager,Manager,Remote - Kenya,2025-11-02,,Active,No,,9,Exceeds Expectations,209000,Lead/Manager,Master's Degree,1,EMP00104
EMP00796,Steven,Singleton,Male,42,African,Operations,Operations Manager,Manager,Nairobi Office,2022-06-06,,Active,No,,50,Meets Expectations,218000,Lead/Manager,Bachelor's Degree,18,EMP00098
EMP00797,Danielle,Reid,Female,33,African,Sales,Sales Representative,Entry,Kampala,2024-06-17,,Active,No,,26,Exceeds Expectations,31000,Entry,Bachelor's Degree,13,EMP00135
EMP00798,Juan,Martinez,Male,39,Mixed Heritage,Product,Product Analyst,Mid-Level,Remote - East Africa,2020-09-02,,Active,No,,71,Needs Improvement,46000,Mid,Bachelor's Degree,19,EMP00134
EMP00799,Elizabeth,Ferguson,Female,34,Mixed Heritage,Engineering,Engineering Manager,Manager,Mombasa HQ,2021-07-21,,Active,No,,61,Meets Expectations,204000,Lead/Manager,Master's Degree,14,
EMP00800,Kathryn,Jackson,Female,34,African,Marketing,Marketing Specialist,Senior,Remote - East Africa,2021-06-18,,Active,No,,62,Needs Improvement,92000,Senior,Diploma / Certificate,11,
EMP00801,Todd,Moore,Male,41,African,Operations,Logistics Specialist,Mid-Level,Nairobi Office,2020-02-23,,Active,No,,78,Exceeds Expectations,53000,Mid,Bachelor's Degree,15,EMP00151
EMP00802,Mary,Le,Female,29,African,Marketing,Marketing Analyst,Senior,Mombasa HQ,2020-12-24,,Active,No,,68,Exceeds Expectations,140000,Senior,Bachelor's Degree,8,EMP00088
EMP00803,Lisa,Kirby,Female,34,Asian,Engineering,QA Engineer,Mid-Level,Nairobi Office,2020-12-14,,Active,No,,68,Needs Improvement,70000,Mid,Diploma / Certificate,14,EMP00114
EMP00804,Kristy,Bryan,Female,30,Asian,Engineering,Tech Lead,Manager,Remote - Kenya,2021-01-15,,Active,No,,67,Meets Expectations,183000,Lead/Manager,Bachelor's Degree,9,EMP00054
EMP00805,Alyssa,Williams,Female,30,African,Customer Success,Support Specialist,Mid-Level,Remote - East Africa,2020-11-16,,Active,No,,69,Exceeds Expectations,53000,Mid,Diploma / Certificate,9,EMP00068
EMP00806,Martin,Ray,Male,31,Asian,Operations,Supply Chain Analyst,Mid-Level,Nairobi Office,2020-05-08,,Active,No,,75,Exceeds Expectations,57000,Mid,Bachelor's Degree,10,EMP00091
EMP00807,Marilyn,Wang,Female,35,African,Customer Success,Support Specialist,Senior,Nairobi Office,2022-06-25,,Active,No,,50,Meets Expectations,127000,Senior,Diploma / Certificate,13,EMP00056
EMP00808,Jennifer,Fowler,Female,30,African,Customer Success,Onboarding Specialist,Senior,Remote - Kenya,2026-02-25,,Active,No,,6,Outstanding,91000,Senior,Bachelor's Degree,7,EMP00156
EMP00809,Jonathan,Burton,Male,44,African,Customer Success,Customer Success Manager,Manager,Remote - East Africa,2021-05-18,,Active,No,,63,Meets Expectations,148000,Lead/Manager,Bachelor's Degree,20,
EMP00810,Donna,Frye,Female,26,African,Marketing,Marketing Analyst,Mid-Level,Remote - East Africa,2023-09-10,,Active,No,,35,Meets Expectations,53000,Mid,Bachelor's Degree,6,EMP00180
EMP00811,Karen,Ballard,Female,32,Asian,Finance,Finance Manager,Manager,Remote - Kenya,2023-01-25,,Active,No,,43,Meets Expectations,217000,Lead/Manager,Bachelor's Degree,10,EMP00066
EMP00812,Michael,Evans,Male,30,African,Customer Success,Customer Success Manager,Manager,Nairobi Office,2025-12-29,,Active,No,,8,Needs Improvement,151000,Lead/Manager,Master's Degree,10,
EMP00813,Benjamin,Brown,Male,45,African,Operations,Supply Chain Analyst,Senior,Remote - East Africa,2020-05-29,,Active,No,,75,Exceeds Expectations,112000,Senior,Bachelor's Degree,19,
EMP00814,Jessica,Washington,Female,35,African,Product,Product Analyst,Senior,Nairobi Office,2022-12-18,,Active,No,,44,Meets Expectations,127000,Senior,Bachelor's Degree,15,EMP00111
EMP00815,Damon,Lawson,Male,42,African,Product,Product Owner,Mid-Level,Nairobi Office,2023-10-07,,Active,No,,34,Exceeds Expectations,45000,Mid,Diploma / Certificate,18,EMP00052
EMP00816,Erik,Higgins,Male,22,African,Human Resources,Compensation Analyst,Senior,Remote - International,2026-03-28,2026-06-01,Terminated,Yes,Retirement,2,Meets Expectations,134000,Senior,Diploma / Certificate,0,EMP00081
EMP00817,Jessica,Valencia,Non-Binary,36,African,Product,Product Analyst,Mid-Level,Kampala,2025-02-16,,Active,No,,18,Meets Expectations,52000,Mid,Master's Degree,12,
EMP00818,Vanessa,Anderson,Female,41,African,Marketing,Content Manager,Manager,Remote - East Africa,2025-04-09,2026-03-31,Terminated,Yes,Resignation - Career Growth,11,Meets Expectations,170000,Lead/Manager,Diploma / Certificate,20,
EMP00819,Mitchell,Hoffman,Non-Binary,34,African,Operations,Process Improvement Lead,Manager,Mombasa HQ,2022-08-20,,Active,No,,48,Outstanding,169000,Lead/Manager,Diploma / Certificate,14,
EMP00820,Francis,Owens,Male,42,African,Operations,Operations Coordinator,Mid-Level,Nairobi Office,2018-10-21,,Active,No,,94,Meets Expectations,83000,Mid,Master's Degree,19,EMP00071
EMP00821,Derek,Wright,Male,29,African,Finance,Finance Manager,Manager,Remote - East Africa,2025-02-04,,Active,No,,18,Needs Improvement,144000,Lead/Manager,High School,4,
EMP00822,Anne,Roberts,Female,45,Mixed Heritage,Engineering,QA Engineer,Mid-Level,Kampala,2025-06-10,2025-11-21,Terminated,Yes,Resignation - Personal/Family,5,Meets Expectations,51000,Mid,Master's Degree,24,EMP00083
EMP00823,Janet,Gilbert,Female,52,European,Sales,Sales Representative,Entry,Mombasa HQ,2022-06-10,,Active,No,,50,Meets Expectations,43000,Entry,Master's Degree,32,EMP00058
EMP00824,John,Grimes,Non-Binary,31,European,Sales,Sales Representative,Entry,Mombasa HQ,2019-07-12,,Active,No,,85,Exceeds Expectations,35000,Entry,Bachelor's Degree,11,EMP00139
EMP00825,Christopher,Murphy,Male,30,Asian,Engineering,QA Engineer,Senior,Mombasa HQ,2020-11-23,,Active,No,,69,Meets Expectations,90000,Senior,Bachelor's Degree,8,
EMP00826,Laura,Edwards,Female,45,African,Operations,Process Improvement Lead,Manager,Dar es Salaam,2021-06-27,,Active,No,,62,Meets Expectations,148000,Lead/Manager,Bachelor's Degree,25,EMP00034
EMP00827,Phillip,Jimenez,Male,46,Mixed Heritage,Engineering,Engineering Manager,Manager,Remote - Kenya,2026-02-17,,Active,No,,6,Needs Improvement,193000,Lead/Manager,High School,26,EMP00061
EMP00828,Jose,Jimenez,Male,29,European,Sales,Sales Manager,Manager,Nairobi Office,2021-08-07,,Active,No,,60,Meets Expectations,141000,Lead/Manager,Diploma / Certificate,6,EMP00168
EMP00829,Elizabeth,Johnson,Female,30,Asian,Human Resources,HR Generalist,Entry,Mombasa HQ,2019-03-26,,Active,No,,89,Exceeds Expectations,43000,Entry,Bachelor's Degree,7,EMP00110
EMP00830,Tony,Wagner,Male,31,African,Customer Success,Support Specialist,Mid-Level,Remote - International,2023-03-24,,Active,No,,41,Outstanding,84000,Mid,Bachelor's Degree,10,EMP00047
EMP00831,Tracy,Lewis,Female,23,African,Engineering,QA Engineer,Mid-Level,Mombasa HQ,2024-12-25,,Active,No,,20,Meets Expectations,79000,Mid,Bachelor's Degree,3,EMP00139
EMP00832,Harry,Williams,Male,26,African,Engineering,QA Engineer,Mid-Level,Mombasa HQ,2025-10-25,,Active,No,,10,Meets Expectations,51000,Mid,Master's Degree,6,
EMP00833,Johnny,Khan,Male,25,European,Legal & Compliance,Compliance Officer,Entry,Mombasa HQ,2024-12-26,,Active,No,,20,Meets Expectations,43000,Entry,Bachelor's Degree,5,EMP00157
EMP00834,Martha,Ruiz,Female,27,African,Customer Success,Customer Success Manager,Manager,Remote - East Africa,2024-11-17,,Active,No,,21,Meets Expectations,145000,Lead/Manager,Master's Degree,7,
EMP00835,Joshua,Boone,Male,33,African,Legal & Compliance,Compliance Officer,Entry,Mombasa HQ,2025-01-26,,Active,No,,19,Needs Improvement,33000,Entry,Bachelor's Degree,13,EMP00027
EMP00836,Jessica,Khan,Female,35,African,Human Resources,Compensation Analyst,Mid-Level,Dar es Salaam,2025-11-17,,Active,No,,9,Exceeds Expectations,71000,Mid,Bachelor's Degree,11,EMP00011
EMP00837,Monica,Gallagher,Female,46,African,Engineering,Engineering Manager,Manager,Nairobi Office,2024-02-24,2026-05-13,Terminated,Yes,Resignation - Career Growth,26,Meets Expectations,149000,Lead/Manager,Master's Degree,23,EMP00171
EMP00838,Jacob,Morales,Male,26,African,Operations,Logistics Specialist,Mid-Level,Remote - International,2023-01-29,,Active,No,,43,Exceeds Expectations,71000,Mid,Bachelor's Degree,4,
EMP00839,Kelly,Lee,Male,41,African,Sales,Regional Sales Director,Director+,Nairobi Office,2021-03-13,,Active,No,,65,Meets Expectations,259000,Director+,Bachelor's Degree,21,EMP00098
EMP00840,Juan,Jones,Male,32,African,Sales,Sales Representative,Mid-Level,Nairobi Office,2020-02-29,,Active,No,,78,Meets Expectations,77000,Mid,Diploma / Certificate,11,EMP00089
EMP00841,Jonathan,Duran,Male,33,Mixed Heritage,Customer Success,Onboarding Specialist,Senior,Mombasa HQ,2026-05-19,,Active,No,,3,Exceeds Expectations,117000,Senior,Master's Degree,13,EMP00106
EMP00842,Diana,Hays,Female,39,Asian,Marketing,Brand Manager,Manager,Remote - Kenya,2021-09-01,,Active,No,,59,Exceeds Expectations,208000,Lead/Manager,Bachelor's Degree,18,
EMP00843,Michael,Wilson,Male,25,Asian,Engineering,QA Engineer,Senior,Remote - International,2024-10-18,,Active,No,,22,Exceeds Expectations,126000,Senior,Diploma / Certificate,0,EMP00079
EMP00844,William,Long,Male,37,African,Sales,Sales Representative,Mid-Level,Remote - East Africa,2021-03-23,,Active,No,,65,Exceeds Expectations,58000,Mid,Bachelor's Degree,17,EMP00083
EMP00845,Robert,Morgan,Male,35,African,Sales,Account Executive,Mid-Level,Dar es Salaam,2022-03-16,2022-11-22,Terminated,Yes,Resignation - Better Opportunity,8,Meets Expectations,81000,Mid,Bachelor's Degree,10,EMP00068
EMP00846,Teresa,Fischer,Female,37,Mixed Heritage,Sales,Sales Manager,Manager,Remote - East Africa,2020-04-10,,Active,No,,76,Meets Expectations,183000,Lead/Manager,Diploma / Certificate,17,EMP00040
EMP00847,Christina,Hicks,Female,36,African,Customer Success,CS Team Lead,Manager,Remote - International,2019-05-28,,Active,No,,87,Meets Expectations,142000,Lead/Manager,Diploma / Certificate,16,EMP00124
EMP00848,Vincent,Williams,Non-Binary,53,African,Marketing,Brand Manager,Manager,Remote - Kenya,2022-03-10,,Active,No,,53,Outstanding,185000,Lead/Manager,Diploma / Certificate,31,EMP00094
EMP00849,Breanna,Cook,Female,28,Mixed Heritage,Marketing,Digital Marketing Manager,Manager,Remote - East Africa,2025-10-21,2026-07-28,Terminated,Yes,Termination - Performance,9,Meets Expectations,175000,Lead/Manager,Diploma / Certificate,4,EMP00025
EMP00850,Kara,Bryant,Female,29,Asian,IT Support,Helpdesk Analyst,Senior,Nairobi Office,2018-10-18,,Active,No,,94,Outstanding,114000,Senior,Diploma / Certificate,9,EMP00014
EMP00851,Larry,Robertson,Male,29,African,Operations,Logistics Specialist,Mid-Level,Mombasa HQ,2026-01-09,,Active,No,,7,Exceeds Expectations,62000,Mid,Bachelor's Degree,8,EMP00185
EMP00852,Garrett,Austin,Male,29,African,Engineering,Engineering Manager,Manager,Mombasa HQ,2024-04-03,,Active,No,,28,Exceeds Expectations,216000,Lead/Manager,Bachelor's Degree,9,EMP00131
EMP00853,Christopher,Ewing,Male,28,European,Product,Product Analyst,Senior,Mombasa HQ,2022-08-26,,Active,No,,48,Needs Improvement,139000,Senior,Master's Degree,8,EMP00042
EMP00854,Jodi,Evans,Non-Binary,43,Asian,Finance,Accountant,Mid-Level,Nairobi Office,2025-04-30,2026-01-21,Terminated,Yes,Resignation - Compensation,8,Outstanding,76000,Mid,High School,23,EMP00179
EMP00855,Gabrielle,Clayton,Female,45,African,Operations,Supply Chain Analyst,Mid-Level,Remote - Kenya,2023-09-30,,Active,No,,35,Outstanding,57000,Mid,Diploma / Certificate,24,EMP00193
EMP00856,Joseph,Erickson,Male,29,Other,Sales,Sales Manager,Manager,Mombasa HQ,2024-10-11,,Active,No,,22,Needs Improvement,142000,Lead/Manager,High School,5,
EMP00857,Elizabeth,Cabrera,Female,27,African,Customer Success,Customer Success Manager,Manager,Nairobi Office,2025-07-31,,Active,No,,13,Meets Expectations,216000,Lead/Manager,Diploma / Certificate,6,
EMP00858,Jacob,Nunez,Male,37,African,Marketing,Content Manager,Manager,Mombasa HQ,2023-03-05,2024-05-07,Terminated,Yes,Resignation - Career Growth,14,Meets Expectations,181000,Lead/Manager,Bachelor's Degree,11,EMP00040
EMP00859,William,Silva,Male,29,African,IT Support,Systems Administrator,Mid-Level,Remote - International,2020-06-13,,Active,No,,74,Meets Expectations,82000,Mid,Bachelor's Degree,9,EMP00104
EMP00860,Robert,Swanson,Male,39,European,Sales,Sales Representative,Mid-Level,Nairobi Office,2020-11-02,,Active,No,,69,Exceeds Expectations,82000,Mid,Bachelor's Degree,13,EMP00134
EMP00861,Melissa,Johnson,Female,35,Asian,Engineering,QA Engineer,Senior,Mombasa HQ,2021-10-15,,Active,No,,58,Meets Expectations,101000,Senior,Bachelor's Degree,13,EMP00100
EMP00862,John,Coffey,Male,22,African,Engineering,Engineering Manager,Manager,Mombasa HQ,2025-11-05,,Active,No,,9,Meets Expectations,202000,Lead/Manager,High School,2,
EMP00863,Rachel,Parsons,Female,46,African,Sales,Sales Manager,Manager,Remote - Kenya,2020-12-19,,Active,No,,68,Meets Expectations,171000,Lead/Manager,Master's Degree,26,EMP00026
EMP00864,Kenneth,Griffith,Male,48,African,Operations,Operations Manager,Manager,Kampala,2019-06-27,2023-12-05,Terminated,Yes,Resignation - Better Opportunity,53,Exceeds Expectations,211000,Lead/Manager,Diploma / Certificate,28,
EMP00865,Brandy,Jackson,Non-Binary,29,Asian,Engineering,Engineering Manager,Manager,Dar es Salaam,2024-12-02,,Active,No,,20,Exceeds Expectations,219000,Lead/Manager,Bachelor's Degree,4,
EMP00866,Mark,Harvey,Male,30,Asian,Finance,Finance Manager,Manager,Remote - East Africa,2022-01-11,,Active,No,,55,Meets Expectations,156000,Lead/Manager,Bachelor's Degree,10,EMP00003
EMP00867,Sarah,Hernandez,Female,36,African,Customer Success,Onboarding Specialist,Mid-Level,Mombasa HQ,2024-11-20,,Active,No,,21,Meets Expectations,76000,Mid,High School,14,EMP00066
EMP00868,Michael,Johnson,Male,36,African,Legal & Compliance,Paralegal,Mid-Level,Nairobi Office,2022-03-29,,Active,No,,53,Outstanding,61000,Mid,Bachelor's Degree,14,EMP00033
EMP00869,Tiffany,Rodriguez,Female,39,Asian,Operations,Operations Coordinator,Mid-Level,Nairobi Office,2021-10-12,,Active,No,,58,Meets Expectations,49000,Mid,Diploma / Certificate,18,
EMP00870,Alicia,Edwards,Female,50,African,Product,Product Analyst,Senior,Nairobi Office,2022-09-28,,Active,No,,47,Needs Improvement,125000,Senior,Diploma / Certificate,27,EMP00130
EMP00871,Christian,Vaughn,Male,32,African,Sales,Account Executive,Mid-Level,Mombasa HQ,2020-09-28,,Active,No,,71,Meets Expectations,58000,Mid,Bachelor's Degree,12,
EMP00872,Jennifer,Hampton,Female,27,Mixed Heritage,Sales,Business Development Rep,Mid-Level,Mombasa HQ,2024-01-18,2024-05-16,Terminated,Yes,Termination - Performance,3,Meets Expectations,70000,Mid,Bachelor's Degree,4,EMP00161
EMP00873,Thomas,Salas,Male,22,Mixed Heritage,Sales,Business Development Rep,Entry,Nairobi Office,2025-10-21,,Active,No,,10,Meets Expectations,38000,Entry,Bachelor's Degree,2,EMP00163
EMP00874,Noah,Brown,Male,28,African,Operations,Operations Manager,Manager,Remote - East Africa,2023-10-14,,Active,No,,34,Needs Improvement,176000,Lead/Manager,Bachelor's Degree,8,
EMP00875,Devin,Clark,Non-Binary,33,African,Operations,Process Improvement Lead,Manager,Remote - International,2021-12-12,,Active,No,,56,Meets Expectations,208000,Lead/Manager,Bachelor's Degree,13,EMP00087
EMP00876,Erika,Bates,Female,48,African,Engineering,DevOps Engineer,Mid-Level,Remote - Kenya,2021-06-22,,Active,No,,62,Meets Expectations,66000,Mid,Bachelor's Degree,24,EMP00037
EMP00877,Kelly,Edwards,Female,29,Asian,Operations,Process Improvement Lead,Manager,Remote - Kenya,2026-02-05,,Active,No,,6,Exceeds Expectations,192000,Lead/Manager,Bachelor's Degree,6,EMP00111
EMP00878,Christopher,Barr,Male,35,African,Engineering,DevOps Engineer,Mid-Level,Nairobi Office,2019-06-24,,Active,No,,86,Meets Expectations,53000,Mid,Doctorate,10,EMP00190
EMP00879,Gordon,Gomez,Male,33,African,Sales,Regional Sales Director,Director+,Mombasa HQ,2025-07-31,2025-10-03,Terminated,Yes,End of Contract,2,Exceeds Expectations,271000,Director+,Bachelor's Degree,13,
EMP00880,Patricia,Le,Female,43,European,Product,UX Designer,Entry,Mombasa HQ,2021-08-29,,Active,No,,60,Meets Expectations,28000,Entry,Bachelor's Degree,23,EMP00039
EMP00881,Maria,Steele,Female,54,African,Sales,Sales Representative,Mid-Level,Nairobi Office,2023-11-15,,Active,No,,33,Meets Expectations,70000,Mid,Bachelor's Degree,34,EMP00035
EMP00882,Lisa,Lee,Female,29,African,Product,Product Owner,Entry,Kampala,2020-04-03,,Active,No,,76,Outstanding,28000,Entry,Master's Degree,8,EMP00087
EMP00883,Danielle,Grant,Female,30,African,IT Support,Systems Administrator,Entry,Nairobi Office,2023-01-27,,Active,No,,43,Exceeds Expectations,28000,Entry,Diploma / Certificate,10,EMP00127
EMP00884,Danny,Dudley,Male,42,African,Sales,Business Development Rep,Mid-Level,Remote - Kenya,2021-03-06,,Active,No,,65,Exceeds Expectations,52000,Mid,Bachelor's Degree,16,EMP00111
EMP00885,Edward,Roberts,Male,39,African,Engineering,Engineering Manager,Manager,Nairobi Office,2025-03-15,,Active,No,,17,Needs Improvement,200000,Lead/Manager,Diploma / Certificate,13,EMP00052
EMP00886,Christine,Bush,Female,48,African,Product,Product Owner,Entry,Nairobi Office,2022-02-07,2024-03-17,Terminated,Yes,Resignation - Career Growth,25,Meets Expectations,39000,Entry,Bachelor's Degree,25,EMP00116
EMP00887,Evan,Bailey,Male,38,European,Product,Product Manager,Manager,Nairobi Office,2025-06-20,,Active,No,,14,Needs Improvement,204000,Lead/Manager,Master's Degree,17,EMP00023
EMP00888,Taylor,Pope,Female,31,European,Marketing,Marketing Specialist,Senior,Remote - Kenya,2021-07-02,,Active,No,,61,Exceeds Expectations,126000,Senior,High School,10,
EMP00889,Denise,Martinez,Female,38,African,Sales,Sales Representative,Entry,Remote - East Africa,2025-10-11,,Active,No,,10,Meets Expectations,39000,Entry,Bachelor's Degree,15,EMP00127
EMP00890,Michael,James,Male,42,European,Customer Success,Support Specialist,Mid-Level,Nairobi Office,2025-10-11,,Active,No,,10,Meets Expectations,74000,Mid,Bachelor's Degree,16,EMP00180
EMP00891,William,Cardenas,Male,40,African,Sales,Sales Representative,Entry,Mombasa HQ,2019-12-04,,Active,No,,80,Meets Expectations,42000,Entry,Bachelor's Degree,16,EMP00062
EMP00892,Tina,Ballard,Female,38,African,Operations,Supply Chain Analyst,Mid-Level,Mombasa HQ,2021-11-05,,Active,No,,57,Exceeds Expectations,51000,Mid,Master's Degree,18,EMP00023
EMP00893,Dylan,Roberts,Male,42,Mixed Heritage,Engineering,Engineering Manager,Manager,Remote - East Africa,2022-08-27,,Active,No,,48,Meets Expectations,196000,Lead/Manager,Bachelor's Degree,21,EMP00191
EMP00894,Michelle,Reed,Female,43,European,Engineering,QA Engineer,Mid-Level,Nairobi Office,2021-06-17,,Active,No,,62,Exceeds Expectations,73000,Mid,Bachelor's Degree,21,
EMP00895,Jeremy,Scott,Male,45,African,Sales,Sales Manager,Manager,Mombasa HQ,2024-09-24,,Active,No,,23,Meets Expectations,171000,Lead/Manager,Bachelor's Degree,25,EMP00070
EMP00896,John,Harris,Male,39,European,Engineering,Software Engineer,Mid-Level,Mombasa HQ,2019-11-12,,Active,No,,81,Outstanding,51000,Mid,Bachelor's Degree,19,EMP00016
EMP00897,Kimberly,Fitzpatrick,Female,32,African,Engineering,Software Engineer,Mid-Level,Mombasa HQ,2021-12-31,,Active,No,,56,Exceeds Expectations,58000,Mid,Diploma / Certificate,8,EMP00159
EMP00898,Melissa,Taylor,Female,35,African,Operations,Operations Coordinator,Mid-Level,Kampala,2020-04-30,2025-07-04,Terminated,Yes,Resignation - Personal/Family,62,Meets Expectations,66000,Mid,Bachelor's Degree,14,EMP00081
EMP00899,Luis,Matthews,Male,43,African,Customer Success,Onboarding Specialist,Senior,Remote - Kenya,2019-07-29,,Active,No,,85,Exceeds Expectations,116000,Senior,Diploma / Certificate,22,EMP00064
EMP00900,David,Santiago,Male,27,African,Operations,Logistics Specialist,Senior,Remote - International,2020-09-25,,Active,No,,71,Exceeds Expectations,102000,Senior,Diploma / Certificate,3,EMP00116
EMP00901,Kiara,Little,Female,36,African,Engineering,Senior Software Engineer,Senior,Mombasa HQ,2023-11-26,2025-01-23,Terminated,Yes,Termination - Performance,13,Meets Expectations,129000,Senior,Master's Degree,16,EMP00082
EMP00902,Anthony,Gutierrez,Male,30,African,Operations,Supply Chain Analyst,Senior,Mombasa HQ,2025-04-26,2025-10-02,Terminated,Yes,Resignation - Compensation,5,Meets Expectations,114000,Senior,Master's Degree,8,EMP00180
EMP00903,Michelle,Garcia,Female,34,African,Marketing,Marketing Specialist,Mid-Level,Remote - Kenya,2022-07-15,,Active,No,,49,Meets Expectations,53000,Mid,Bachelor's Degree,9,EMP00153
EMP00904,Patricia,Smith,Female,44,African,Operations,Supply Chain Analyst,Mid-Level,Nairobi Office,2025-03-24,2025-06-18,Terminated,Yes,Termination - Restructuring,2,Meets Expectations,56000,Mid,Bachelor's Degree,24,EMP00185
EMP00905,Krista,Hickman,Female,35,African,Engineering,Software Engineer,Senior,Nairobi Office,2023-07-01,,Active,No,,38,Needs Improvement,121000,Senior,Master's Degree,15,EMP00183
EMP00906,Jennifer,Donovan,Female,34,African,Sales,Sales Representative,Mid-Level,Nairobi Office,2022-08-31,,Active,No,,48,Exceeds Expectations,51000,Mid,Bachelor's Degree,14,EMP00135
EMP00907,Sherry,Woods,Female,23,African,Operations,Logistics Specialist,Senior,Remote - Kenya,2025-12-30,,Active,No,,8,Needs Improvement,115000,Senior,Diploma / Certificate,0,EMP00123
EMP00908,Curtis,Maynard,Male,39,African,Sales,Account Executive,Mid-Level,Mombasa HQ,2019-02-25,,Active,No,,90,Meets Expectations,83000,Mid,Bachelor's Degree,19,EMP00107
EMP00909,Erica,Brewer,Female,39,African,Customer Success,Customer Success Manager,Manager,Mombasa HQ,2025-10-06,,Active,No,,10,Exceeds Expectations,156000,Lead/Manager,Bachelor's Degree,19,EMP00138
EMP00910,Terry,Davis,Male,51,African,Sales,Business Development Rep,Entry,Remote - Kenya,2022-12-01,,Active,No,,45,Meets Expectations,36000,Entry,Diploma / Certificate,27,EMP00115
EMP00911,Laura,Nichols,Female,31,African,Customer Success,Onboarding Specialist,Mid-Level,Mombasa HQ,2020-04-10,,Active,No,,76,Exceeds Expectations,50000,Mid,Master's Degree,9,EMP00078
EMP00912,Nathaniel,Zuniga,Male,35,European,Engineering,Software Engineer,Senior,Nairobi Office,2026-07-13,,Active,No,,1,Meets Expectations,98000,Senior,Diploma / Certificate,15,EMP00185
EMP00913,Thomas,Thompson,Male,35,African,Engineering,DevOps Engineer,Senior,Kampala,2019-10-04,2020-04-08,Terminated,Yes,Resignation - Career Growth,6,Exceeds Expectations,94000,Senior,Bachelor's Degree,12,EMP00078
EMP00914,Sonia,Thompson,Female,46,African,Operations,Process Improvement Lead,Manager,Remote - East Africa,2022-06-27,,Active,No,,50,Needs Improvement,217000,Lead/Manager,Bachelor's Degree,26,EMP00078
EMP00915,Thomas,Osborn,Male,33,Asian,Sales,Regional Sales Director,Director+,Remote - Kenya,2024-09-16,2025-07-13,Terminated,Yes,Resignation - Personal/Family,9,Exceeds Expectations,369000,Director+,Diploma / Certificate,13,EMP00006
EMP00916,Jennifer,Simpson,Female,36,African,Finance,Controller,Entry,Nairobi Office,2021-10-26,,Active,No,,58,Outstanding,39000,Entry,Bachelor's Degree,16,
EMP00917,Timothy,Hayden,Male,38,African,Sales,Sales Manager,Manager,Mombasa HQ,2024-01-14,,Active,No,,31,Outstanding,197000,Lead/Manager,Bachelor's Degree,15,EMP00112
EMP00918,Timothy,Mcdowell,Male,35,African,Customer Success,Onboarding Specialist,Senior,Remote - Kenya,2021-05-15,,Active,No,,63,Exceeds Expectations,124000,Senior,Diploma / Certificate,14,EMP00083
EMP00919,Adam,Bradley,Male,30,African,Finance,Finance Manager,Manager,Nairobi Office,2019-02-15,,Active,No,,90,Meets Expectations,173000,Lead/Manager,Doctorate,7,EMP00155
EMP00920,Ashley,Bird,Female,35,African,Engineering,Senior Software Engineer,Senior,Nairobi Office,2022-10-26,,Active,No,,46,Meets Expectations,103000,Senior,Bachelor's Degree,12,EMP00191
EMP00921,Dominique,Hays,Female,42,African,Sales,Business Development Rep,Entry,Mombasa HQ,2021-01-17,,Active,No,,67,Meets Expectations,41000,Entry,Diploma / Certificate,17,EMP00043
EMP00922,Kimberly,Snyder,Female,25,Asian,Finance,Finance Manager,Manager,Nairobi Office,2022-12-26,,Active,No,,44,Meets Expectations,179000,Lead/Manager,Bachelor's Degree,4,EMP00028
EMP00923,Todd,Rosales,Male,35,European,Engineering,Tech Lead,Manager,Mombasa HQ,2025-06-17,,Active,No,,14,Exceeds Expectations,176000,Lead/Manager,Diploma / Certificate,15,
EMP00924,Julie,Lee,Female,28,African,Marketing,Marketing Analyst,Senior,Kampala,2025-11-13,,Active,No,,9,Meets Expectations,137000,Senior,Bachelor's Degree,6,EMP00003
EMP00925,Ashley,Martin,Female,43,African,Finance,Finance Manager,Manager,Nairobi Office,2019-10-10,,Active,No,,82,Outstanding,167000,Lead/Manager,Bachelor's Degree,23,
EMP00926,Judy,Scott,Female,22,African,Finance,Controller,Mid-Level,Nairobi Office,2026-02-19,,Active,No,,6,Exceeds Expectations,76000,Mid,Master's Degree,0,EMP00022
EMP00927,Charlotte,Doyle,Female,29,African,Engineering,Tech Lead,Manager,Nairobi Office,2026-04-14,,Active,No,,4,Exceeds Expectations,191000,Lead/Manager,Bachelor's Degree,6,
EMP00928,Rachel,Bradley,Female,37,African,Sales,Account Executive,Mid-Level,Remote - Kenya,2023-08-03,,Active,No,,36,Exceeds Expectations,72000,Mid,High School,17,
EMP00929,Peter,Thompson,Male,46,African,Customer Success,Onboarding Specialist,Mid-Level,Nairobi Office,2018-12-19,,Active,No,,92,Meets Expectations,63000,Mid,Bachelor's Degree,21,
EMP00930,Savannah,Prince,Female,33,African,Human Resources,Recruiter,Mid-Level,Mombasa HQ,2021-09-06,,Active,No,,59,Meets Expectations,47000,Mid,Bachelor's Degree,9,
EMP00931,Samantha,Robertson,Female,29,African,Legal & Compliance,Paralegal,Mid-Level,Remote - Kenya,2022-07-16,2025-05-11,Terminated,Yes,Resignation - Better Opportunity,33,Meets Expectations,63000,Mid,High School,8,
EMP00932,Brandon,Caldwell,Male,49,African,Sales,Sales Manager,Manager,Nairobi Office,2026-05-26,,Active,No,,3,Exceeds Expectations,178000,Lead/Manager,Master's Degree,26,
EMP00933,Cathy,Taylor,Female,22,African,Customer Success,Onboarding Specialist,Mid-Level,Nairobi Office,2026-06-18,,Active,No,,2,Meets Expectations,77000,Mid,Bachelor's Degree,0,EMP00004
EMP00934,Erica,Wright,Female,22,European,Sales,Sales Manager,Manager,Mombasa HQ,2026-05-15,,Active,No,,3,Meets Expectations,187000,Lead/Manager,Diploma / Certificate,2,EMP00163
EMP00935,Debbie,Young,Female,37,African,Customer Success,Customer Success Manager,Manager,Remote - East Africa,2020-11-29,2021-12-31,Terminated,Yes,Resignation - Better Opportunity,13,Exceeds Expectations,152000,Lead/Manager,Master's Degree,17,EMP00058
EMP00936,Nicole,Finley,Female,29,European,Marketing,Brand Manager,Manager,Remote - East Africa,2019-02-19,,Active,No,,90,Meets Expectations,145000,Lead/Manager,Master's Degree,8,EMP00033
EMP00937,Eric,Sharp,Male,25,Asian,Operations,Process Improvement Lead,Manager,Mombasa HQ,2025-01-20,2026-01-22,Terminated,Yes,Resignation - Better Opportunity,12,Needs Improvement,211000,Lead/Manager,Diploma / Certificate,3,EMP00038
EMP00938,Alexandra,Valdez,Female,39,Asian,Human Resources,HR Business Partner,Entry,Nairobi Office,2019-11-18,,Active,No,,81,Outstanding,33000,Entry,Master's Degree,19,EMP00177
EMP00939,Michael,Brown,Male,35,African,Customer Success,Support Specialist,Mid-Level,Nairobi Office,2019-08-13,,Active,No,,84,Meets Expectations,49000,Mid,Bachelor's Degree,15,EMP00083
EMP00940,Bryan,Parker,Male,29,African,Product,Product Analyst,Mid-Level,Remote - East Africa,2021-11-30,,Active,No,,57,Meets Expectations,57000,Mid,Bachelor's Degree,9,EMP00177
EMP00941,Jared,Shaw,Male,23,African,Engineering,Tech Lead,Manager,Remote - Kenya,2025-03-18,,Active,No,,17,Exceeds Expectations,195000,Lead/Manager,Diploma / Certificate,2,EMP00163
EMP00942,Steven,Padilla,Male,40,African,Marketing,Content Manager,Manager,Mombasa HQ,2021-07-09,,Active,No,,61,Meets Expectations,211000,Lead/Manager,Bachelor's Degree,20,
EMP00943,Emily,Wilson,Female,39,African,IT Support,IT Support Specialist,Mid-Level,Remote - International,2023-07-25,,Active,No,,37,Meets Expectations,77000,Mid,Master's Degree,17,EMP00126
EMP00944,Sydney,Phillips,Female,33,African,Customer Success,Onboarding Specialist,Mid-Level,Remote - East Africa,2025-11-18,,Active,No,,9,Meets Expectations,58000,Mid,Bachelor's Degree,11,EMP00176
EMP00945,Lisa,Robinson,Female,48,African,Operations,Operations Coordinator,Senior,Remote - East Africa,2021-11-06,,Active,No,,57,Meets Expectations,116000,Senior,Bachelor's Degree,26,EMP00091
EMP00946,Casey,Hernandez,Male,25,Asian,Marketing,Content Manager,Manager,Remote - Kenya,2023-08-19,,Active,No,,36,Meets Expectations,142000,Lead/Manager,Diploma / Certificate,1,EMP00070
EMP00947,Nicole,Obrien,Female,22,African,Marketing,Marketing Specialist,Mid-Level,Nairobi Office,2026-04-11,,Active,No,,4,Meets Expectations,79000,Mid,Diploma / Certificate,0,EMP00099
EMP00948,Jennifer,Dunn,Female,28,African,Operations,Operations Manager,Manager,Remote - Kenya,2022-05-28,,Active,No,,51,Meets Expectations,148000,Lead/Manager,Bachelor's Degree,7,EMP00135
EMP00949,John,Medina,Male,33,African,Engineering,Software Engineer,Mid-Level,Mombasa HQ,2018-10-31,,Active,No,,94,Meets Expectations,70000,Mid,Bachelor's Degree,13,EMP00071
EMP00950,Mary,Robinson,Female,35,European,Engineering,Engineering Manager,Manager,Nairobi Office,2019-06-07,,Active,No,,86,Exceeds Expectations,212000,Lead/Manager,Master's Degree,10,EMP00098
EMP00951,David,Fischer,Male,32,African,Sales,Regional Sales Director,Director+,Mombasa HQ,2022-07-23,,Active,No,,49,Meets Expectations,336000,Director+,Diploma / Certificate,11,EMP00133
EMP00952,Shelley,Miller,Female,36,Asian,Customer Success,Support Specialist,Senior,Mombasa HQ,2019-10-08,2020-10-26,Terminated,Yes,Resignation - Compensation,12,Meets Expectations,139000,Senior,Diploma / Certificate,13,
EMP00953,Jillian,Padilla,Female,23,African,Operations,Operations Manager,Manager,Dar es Salaam,2026-07-10,,Active,No,,1,Exceeds Expectations,158000,Lead/Manager,Diploma / Certificate,3,
EMP00954,Blake,Elliott,Male,45,African,Operations,Logistics Specialist,Senior,Nairobi Office,2023-08-26,,Active,No,,36,Meets Expectations,98000,Senior,Bachelor's Degree,23,EMP00186
EMP00955,Amy,Kelley,Female,33,European,Sales,Business Development Rep,Mid-Level,Remote - East Africa,2021-01-19,2021-12-21,Terminated,Yes,Resignation - Better Opportunity,11,Meets Expectations,55000,Mid,Bachelor's Degree,7,EMP00156
EMP00956,Kathy,Armstrong,Female,42,African,Marketing,Marketing Analyst,Senior,Nairobi Office,2019-11-15,2024-04-07,Terminated,Yes,Resignation - Better Opportunity,52,Meets Expectations,110000,Senior,Bachelor's Degree,22,EMP00194
EMP00957,Brittany,Murphy,Female,36,African,Engineering,QA Engineer,Senior,Nairobi Office,2022-02-15,,Active,No,,54,Meets Expectations,134000,Senior,Bachelor's Degree,14,EMP00010
EMP00958,Kelly,Wilson,Female,37,European,Engineering,QA Engineer,Senior,Nairobi Office,2026-05-27,,Active,No,,3,Needs Improvement,131000,Senior,Bachelor's Degree,15,EMP00038
EMP00959,Daniel,Aguilar,Male,38,African,Operations,Process Improvement Lead,Manager,Nairobi Office,2026-06-26,,Active,No,,2,Meets Expectations,203000,Lead/Manager,Bachelor's Degree,16,EMP00096
EMP00960,Ann,Dixon,Female,37,African,Product,Product Owner,Entry,Remote - Kenya,2022-06-22,,Active,No,,50,Meets Expectations,44000,Entry,Bachelor's Degree,17,EMP00154
EMP00961,Lindsey,Chavez,Non-Binary,39,European,Engineering,QA Engineer,Mid-Level,Mombasa HQ,2023-03-10,,Active,No,,41,Outstanding,47000,Mid,High School,16,EMP00070
EMP00962,Kayla,Bryant,Female,44,African,Sales,Business Development Rep,Entry,Nairobi Office,2019-09-12,,Active,No,,83,Exceeds Expectations,35000,Entry,Master's Degree,21,EMP00195
EMP00963,Anthony,Ford,Male,35,Asian,Operations,Process Improvement Lead,Manager,Remote - Kenya,2022-06-07,,Active,No,,50,Exceeds Expectations,143000,Lead/Manager,Bachelor's Degree,14,
EMP00964,Renee,Cummings,Female,39,African,Human Resources,Recruiter,Entry,Mombasa HQ,2021-12-23,,Active,No,,56,Exceeds Expectations,33000,Entry,Bachelor's Degree,17,EMP00066
EMP00965,James,Velasquez,Male,33,African,IT Support,IT Support Specialist,Mid-Level,Mombasa HQ,2021-06-01,,Active,No,,63,Exceeds Expectations,48000,Mid,Bachelor's Degree,12,EMP00088
EMP00966,Patrick,Lane,Male,45,African,Customer Success,CS Team Lead,Manager,Remote - Kenya,2019-03-19,,Active,No,,89,Exceeds Expectations,208000,Lead/Manager,Bachelor's Degree,25,EMP00072
EMP00967,Amber,Cooper,Female,28,African,Marketing,Content Manager,Manager,Nairobi Office,2021-01-27,,Active,No,,67,Needs Improvement,158000,Lead/Manager,Bachelor's Degree,4,EMP00066
EMP00968,Amy,Mcknight,Female,48,Mixed Heritage,Sales,Account Executive,Mid-Level,Nairobi Office,2018-11-06,,Active,No,,93,Exceeds Expectations,79000,Mid,Bachelor's Degree,25,EMP00021
EMP00969,Taylor,Jones,Female,33,African,Engineering,QA Engineer,Mid-Level,Kampala,2021-10-27,,Active,No,,58,Needs Improvement,82000,Mid,Master's Degree,11,
EMP00970,Taylor,Johnson,Female,22,African,Engineering,DevOps Engineer,Senior,Dar es Salaam,2026-06-09,,Active,No,,2,Meets Expectations,107000,Senior,Diploma / Certificate,2,
EMP00971,Jason,Mack,Male,35,Mixed Heritage,Sales,Sales Representative,Entry,Remote - East Africa,2026-08-24,,Active,No,,1,Meets Expectations,34000,Entry,Master's Degree,12,EMP00180
EMP00972,Pamela,Good,Female,28,African,Engineering,QA Engineer,Mid-Level,Dar es Salaam,2019-10-12,,Active,No,,82,Exceeds Expectations,52000,Mid,Doctorate,6,EMP00126
EMP00973,Maria,Fisher,Female,40,African,Sales,Business Development Rep,Entry,Nairobi Office,2023-10-03,,Active,No,,34,Meets Expectations,42000,Entry,Diploma / Certificate,19,EMP00073
EMP00974,Willie,Reyes,Male,28,Asian,Sales,Sales Manager,Manager,Kampala,2023-05-18,,Active,No,,39,Meets Expectations,193000,Lead/Manager,Bachelor's Degree,4,EMP00080
EMP00975,Sheila,Knox,Female,30,African,Customer Success,Support Specialist,Mid-Level,Mombasa HQ,2025-06-17,2025-09-22,Terminated,Yes,Resignation - Personal/Family,3,Meets Expectations,51000,Mid,Bachelor's Degree,9,EMP00124
EMP00976,James,Vega,Male,22,Asian,Operations,Operations Coordinator,Senior,Remote - East Africa,2025-10-01,2026-01-18,Terminated,Yes,Resignation - Personal/Family,3,Needs Improvement,122000,Senior,Bachelor's Degree,2,EMP00100
EMP00977,Matthew,Ryan,Male,30,European,Engineering,DevOps Engineer,Mid-Level,Nairobi Office,2018-09-26,,Active,No,,95,Exceeds Expectations,84000,Mid,Bachelor's Degree,10,EMP00002
EMP00978,Martha,Bailey,Female,22,African,Marketing,Content Manager,Manager,Kampala,2026-06-22,,Active,No,,2,Outstanding,216000,Lead/Manager,Doctorate,0,EMP00107
EMP00979,Christopher,Medina,Male,22,African,Sales,Sales Representative,Mid-Level,Remote - Kenya,2026-05-21,,Active,No,,3,Exceeds Expectations,73000,Mid,High School,1,EMP00136
EMP00980,Joseph,Luna,Male,40,African,Engineering,QA Engineer,Senior,Mombasa HQ,2020-01-16,,Active,No,,79,Exceeds Expectations,119000,Senior,Master's Degree,20,EMP00105
EMP00981,Daniel,Smith,Male,40,Mixed Heritage,Customer Success,Customer Success Manager,Manager,Mombasa HQ,2024-01-30,,Active,No,,31,Meets Expectations,178000,Lead/Manager,Master's Degree,18,EMP00010
EMP00982,Alexander,Evans,Male,37,African,Marketing,Marketing Analyst,Mid-Level,Remote - East Africa,2022-03-20,2022-10-21,Terminated,Yes,Termination - Performance,7,Needs Improvement,56000,Mid,Master's Degree,13,EMP00107
EMP00983,Michael,Stephens,Male,26,African,Sales,Sales Manager,Manager,Remote - Kenya,2023-07-28,2025-01-18,Terminated,Yes,End of Contract,17,Meets Expectations,202000,Lead/Manager,Bachelor's Degree,5,EMP00168
EMP00984,Kim,Morrow,Female,33,African,Engineering,Tech Lead,Manager,Mombasa HQ,2023-10-10,,Active,No,,34,Meets Expectations,174000,Lead/Manager,Bachelor's Degree,12,EMP00187
EMP00985,John,Reed,Non-Binary,33,African,Sales,Sales Representative,Mid-Level,Remote - East Africa,2025-04-22,2025-10-21,Terminated,Yes,Resignation - Better Opportunity,5,Exceeds Expectations,57000,Mid,Bachelor's Degree,12,EMP00046
EMP00986,Donald,Pineda,Male,24,Asian,Sales,Regional Sales Director,Director+,Remote - East Africa,2023-12-21,,Active,No,,32,Meets Expectations,274000,Director+,Bachelor's Degree,0,EMP00100
EMP00987,Neil,Rodriguez,Male,46,African,Marketing,Marketing Analyst,Senior,Nairobi Office,2024-11-06,,Active,No,,21,Exceeds Expectations,125000,Senior,Master's Degree,24,EMP00194
EMP00988,Rhonda,Barnes,Female,41,Asian,Customer Success,Customer Success Manager,Manager,Nairobi Office,2024-04-15,,Active,No,,28,Meets Expectations,167000,Lead/Manager,Diploma / Certificate,18,EMP00191
EMP00989,Ralph,Stephenson,Male,32,African,Engineering,Tech Lead,Manager,Mombasa HQ,2022-07-14,2025-03-27,Terminated,Yes,Resignation - Better Opportunity,32,Meets Expectations,215000,Lead/Manager,Bachelor's Degree,12,EMP00096
EMP00990,Alexis,Harris,Female,34,African,Customer Success,Onboarding Specialist,Senior,Nairobi Office,2020-10-30,2021-10-03,Terminated,Yes,Resignation - Compensation,11,Meets Expectations,85000,Senior,Diploma / Certificate,14,EMP00031
EMP00991,Brian,Johnson,Male,35,African,Customer Success,Customer Success Manager,Manager,Remote - Kenya,2026-03-26,2026-07-02,Terminated,Yes,Resignation - Career Growth,3,Outstanding,203000,Lead/Manager,Bachelor's Degree,12,EMP00040
EMP00992,Linda,Warner,Female,22,African,Engineering,DevOps Engineer,Senior,Dar es Salaam,2026-08-19,,Active,No,,1,Exceeds Expectations,139000,Senior,Bachelor's Degree,0,EMP00155
EMP00993,Amber,Yang,Female,32,African,Customer Success,Customer Success Manager,Manager,Mombasa HQ,2020-03-16,,Active,No,,77,Meets Expectations,169000,Lead/Manager,Bachelor's Degree,11,
EMP00994,James,Young,Male,28,African,Human Resources,HR Business Partner,Mid-Level,Mombasa HQ,2023-05-02,,Active,No,,40,Outstanding,67000,Mid,Bachelor's Degree,7,EMP00024
EMP00995,Claudia,Shields,Female,25,African,Customer Success,CS Team Lead,Manager,Mombasa HQ,2023-12-30,,Active,No,,32,Meets Expectations,199000,Lead/Manager,Master's Degree,3,EMP00144
EMP00996,Anthony,Gordon,Male,31,African,Product,Product Analyst,Mid-Level,Nairobi Office,2024-03-21,2026-06-14,Terminated,Yes,End of Contract,26,Exceeds Expectations,52000,Mid,Master's Degree,11,EMP00002
EMP00997,Dylan,Cabrera,Male,48,European,Finance,Finance Manager,Manager,Nairobi Office,2021-11-06,,Active,No,,57,Meets Expectations,186000,Lead/Manager,Bachelor's Degree,25,
EMP00998,Monique,Flores,Female,39,European,Legal & Compliance,Compliance Officer,Mid-Level,Mombasa HQ,2019-05-26,2020-11-05,Terminated,Yes,Resignation - Personal/Family,17,Meets Expectations,57000,Mid,Diploma / Certificate,16,
EMP00999,Kyle,Chambers,Male,29,African,Engineering,Tech Lead,Manager,Mombasa HQ,2026-02-23,,Active,No,,6,Meets Expectations,186000,Lead/Manager,Bachelor's Degree,7,EMP00148
EMP01000,Erica,Turner,Female,38,African,Sales,Account Executive,Mid-Level,Nairobi Office,2019-05-27,,Active,No,,87,Meets Expectations,78000,Mid,Diploma / Certificate,16,EMP00175
EMP01001,Charles,Keller,Male,45,African,Engineering,Tech Lead,Manager,Nairobi Office,2021-03-09,,Active,No,,65,Meets Expectations,156000,Lead/Manager,Bachelor's Degree,25,EMP00016
EMP01002,Daniel,Turner,Male,41,African,Finance,FP&A Analyst,Mid-Level,Mombasa HQ,2021-05-12,,Active,No,,63,Meets Expectations,62000,Mid,Bachelor's Degree,16,EMP00116
EMP01003,Antonio,Fry,Male,34,African,Engineering,Engineering Manager,Manager,Remote - International,2026-06-23,,Active,No,,2,Meets Expectations,207000,Lead/Manager,Bachelor's Degree,10,
EMP01004,Sheryl,Buck,Female,28,African,Product,Product Manager,Manager,Mombasa HQ,2022-02-21,,Active,No,,54,Exceeds Expectations,161000,Lead/Manager,Diploma / Certificate,4,EMP00063
EMP01005,Mark,Simmons,Male,39,Mixed Heritage,Human Resources,Compensation Analyst,Senior,Nairobi Office,2024-12-30,,Active,No,,20,Exceeds Expectations,117000,Senior,Bachelor's Degree,13,EMP00001
EMP01006,Kathleen,Compton,Female,37,Asian,Operations,Operations Manager,Manager,Nairobi Office,2024-06-06,,Active,No,,26,Outstanding,149000,Lead/Manager,Diploma / Certificate,17,
EMP01007,Teresa,Powers,Female,41,European,Operations,Operations Manager,Manager,Remote - Kenya,2022-12-06,,Active,No,,44,Meets Expectations,211000,Lead/Manager,Bachelor's Degree,21,
EMP01008,Rachel,Flores,Female,39,African,Product,Product Analyst,Mid-Level,Mombasa HQ,2020-07-08,2023-02-01,Terminated,Yes,Resignation - Better Opportunity,30,Meets Expectations,47000,Mid,Bachelor's Degree,19,EMP00105
EMP01009,Jason,Hernandez,Male,42,European,Sales,Sales Manager,Manager,Remote - Kenya,2025-05-03,,Active,No,,15,Meets Expectations,191000,Lead/Manager,Diploma / Certificate,22,EMP00062
EMP01010,James,Webster,Male,29,African,Sales,Sales Manager,Manager,Mombasa HQ,2022-01-19,2025-01-14,Terminated,Yes,Resignation - Career Growth,35,Exceeds Expectations,183000,Lead/Manager,High School,5,
EMP01011,John,Atkinson,Male,44,Other,Product,Product Owner,Mid-Level,Mombasa HQ,2024-09-27,,Active,No,,23,Needs Improvement,52000,Mid,Bachelor's Degree,21,EMP00051
EMP01012,Elizabeth,Zimmerman,Female,35,African,Sales,Regional Sales Director,Director+,Nairobi Office,2019-08-21,,Active,No,,84,Exceeds Expectations,230000,Director+,High School,14,EMP00041
EMP01013,Renee,Melendez,Female,50,European,Operations,Operations Coordinator,Mid-Level,Remote - Kenya,2024-04-17,,Active,No,,28,Meets Expectations,46000,Mid,Bachelor's Degree,29,EMP00183
EMP01014,Justin,Faulkner,Male,28,European,Operations,Process Improvement Lead,Manager,Nairobi Office,2021-08-03,,Active,No,,60,Meets Expectations,211000,Lead/Manager,Bachelor's Degree,4,EMP00109
EMP01015,Kristin,Anderson,Female,47,African,Sales,Regional Sales Director,Director+,Mombasa HQ,2022-02-12,,Active,No,,54,Meets Expectations,265000,Director+,Bachelor's Degree,26,EMP00178
EMP01016,David,Harris,Male,35,African,Sales,Sales Representative,Entry,Kampala,2025-02-25,2026-07-18,Terminated,Yes,Resignation - Better Opportunity,16,Meets Expectations,39000,Entry,Bachelor's Degree,14,EMP00156
EMP01017,Maria,Nielsen,Female,28,African,Operations,Operations Coordinator,Mid-Level,Remote - East Africa,2025-02-21,2025-12-29,Terminated,Yes,Termination - Performance,10,Needs Improvement,67000,Mid,Diploma / Certificate,8,EMP00163
EMP01018,Ryan,Davis,Male,30,African,Sales,Account Executive,Mid-Level,Mombasa HQ,2024-10-27,,Active,No,,22,Meets Expectations,48000,Mid,Bachelor's Degree,9,
EMP01019,Misty,Lee,Female,31,African,Sales,Sales Representative,Mid-Level,Nairobi Office,2025-09-28,,Active,No,,11,Exceeds Expectations,74000,Mid,Bachelor's Degree,5,EMP00166
EMP01020,Derrick,Nunez,Male,37,African,Engineering,Tech Lead,Manager,Remote - East Africa,2019-02-17,,Active,No,,90,Exceeds Expectations,200000,Lead/Manager,Doctorate,16,
EMP01021,Larry,Russo,Male,38,African,Operations,Operations Manager,Manager,Mombasa HQ,2024-09-12,,Active,No,,23,Meets Expectations,188000,Lead/Manager,Bachelor's Degree,17,EMP00011
EMP01022,Chelsea,Gill,Female,29,African,Operations,Logistics Specialist,Mid-Level,Mombasa HQ,2022-11-03,,Active,No,,45,Meets Expectations,69000,Mid,Diploma / Certificate,9,EMP00032
EMP01023,Nathaniel,Hansen,Male,33,Other,Engineering,Senior Software Engineer,Senior,Mombasa HQ,2023-03-11,,Active,No,,41,Meets Expectations,129000,Senior,Bachelor's Degree,13,EMP00161
EMP01024,John,Booth,Male,51,African,Operations,Logistics Specialist,Mid-Level,Mombasa HQ,2019-07-14,,Active,No,,85,Meets Expectations,61000,Mid,Bachelor's Degree,31,
EMP01025,Gary,Krueger,Male,47,European,Marketing,Marketing Specialist,Senior,Nairobi Office,2019-08-27,,Active,No,,84,Exceeds Expectations,99000,Senior,Master's Degree,27,EMP00064
EMP01026,Adrian,Giles,Male,37,African,Operations,Logistics Specialist,Senior,Nairobi Office,2018-11-09,,Active,No,,93,Exceeds Expectations,95000,Senior,Diploma / Certificate,16,EMP00171
EMP01027,Victor,Wilson,Male,34,Asian,Finance,Controller,Entry,Nairobi Office,2024-04-08,,Active,No,,28,Meets Expectations,25000,Entry,Diploma / Certificate,11,
EMP01028,Yvonne,Mendoza,Female,34,Asian,Engineering,Tech Lead,Manager,Nairobi Office,2022-02-23,,Active,No,,54,Meets Expectations,171000,Lead/Manager,Bachelor's Degree,13,
EMP01029,Dana,Munoz,Female,38,African,Legal & Compliance,Paralegal,Entry,Mombasa HQ,2020-03-18,,Active,No,,77,Exceeds Expectations,27000,Entry,Bachelor's Degree,18,EMP00028
EMP01030,Daniel,Herman,Male,25,African,Engineering,QA Engineer,Senior,Mombasa HQ,2023-04-01,2025-04-26,Terminated,Yes,Resignation - Better Opportunity,24,Exceeds Expectations,114000,Senior,Bachelor's Degree,5,EMP00062
EMP01031,Juan,Rowe,Male,31,African,Engineering,Senior Software Engineer,Senior,Mombasa HQ,2023-02-19,2024-07-17,Terminated,Yes,Termination - Performance,16,Meets Expectations,96000,Senior,Master's Degree,11,EMP00117
EMP01032,Jamie,Ferguson,Female,22,African,Operations,Operations Coordinator,Mid-Level,Mombasa HQ,2026-05-14,,Active,No,,3,Outstanding,69000,Mid,Bachelor's Degree,2,EMP00009
EMP01033,Ian,Green,Male,37,Asian,Finance,Financial Analyst,Senior,Remote - Kenya,2021-06-28,,Active,No,,62,Exceeds Expectations,119000,Senior,Bachelor's Degree,12,EMP00003
EMP01034,Jose,Crawford,Male,39,African,Sales,Account Executive,Entry,Mombasa HQ,2020-07-03,,Active,No,,73,Exceeds Expectations,26000,Entry,Bachelor's Degree,14,EMP00121
EMP01035,Brett,Zavala,Male,30,African,Customer Success,Onboarding Specialist,Mid-Level,Mombasa HQ,2019-09-15,,Active,No,,83,Meets Expectations,56000,Mid,Bachelor's Degree,5,EMP00020
EMP01036,John,Franco,Male,46,African,Engineering,Software Engineer,Senior,Nairobi Office,2024-01-28,,Active,No,,31,Exceeds Expectations,133000,Senior,Diploma / Certificate,23,EMP00105
EMP01037,Suzanne,Wood,Female,24,African,Engineering,Tech Lead,Manager,Kampala,2025-02-15,,Active,No,,18,Meets Expectations,153000,Lead/Manager,Diploma / Certificate,4,
EMP01038,Jennifer,Hart,Female,22,African,Engineering,QA Engineer,Mid-Level,Remote - Kenya,2025-12-23,,Active,No,,8,Outstanding,83000,Mid,High School,0,EMP00025
EMP01039,Daniel,Thomas,Male,35,Mixed Heritage,Sales,Account Executive,Mid-Level,Remote - East Africa,2024-05-22,,Active,No,,27,Meets Expectations,79000,Mid,Master's Degree,15,EMP00099
EMP01040,Dean,Donovan,Male,42,African,Sales,Regional Sales Director,Director+,Mombasa HQ,2022-11-07,,Active,No,,45,Meets Expectations,232000,Director+,Master's Degree,21,
EMP01041,Kerry,Butler,Male,47,African,Customer Success,Onboarding Specialist,Mid-Level,Remote - East Africa,2026-03-20,,Active,No,,5,Meets Expectations,67000,Mid,Doctorate,25,EMP00200
EMP01042,Christian,Rivera,Male,30,European,Engineering,Engineering Manager,Manager,Remote - Kenya,2022-02-06,,Active,No,,54,Meets Expectations,159000,Lead/Manager,Bachelor's Degree,5,
EMP01043,James,Whitaker,Male,42,African,Customer Success,Onboarding Specialist,Senior,Mombasa HQ,2025-12-10,,Active,No,,8,Meets Expectations,86000,Senior,Doctorate,21,EMP00066
EMP01044,Jonathan,Pena,Male,33,Mixed Heritage,Customer Success,Support Specialist,Mid-Level,Remote - Kenya,2022-06-15,,Active,No,,50,Exceeds Expectations,69000,Mid,Bachelor's Degree,11,EMP00191
EMP01045,Melinda,Scott,Female,32,Asian,Finance,Controller,Entry,Nairobi Office,2025-01-08,2025-03-30,Terminated,Yes,Retirement,2,Exceeds Expectations,35000,Entry,Bachelor's Degree,7,EMP00050
EMP01046,Roberto,Levy,Male,41,African,Legal & Compliance,Legal Counsel,Entry,Remote - Kenya,2020-05-06,,Active,No,,75,Meets Expectations,42000,Entry,Master's Degree,19,EMP00122
EMP01047,Martin,Henry,Male,39,African,Sales,Sales Representative,Mid-Level,Mombasa HQ,2020-05-15,,Active,No,,75,Meets Expectations,62000,Mid,Diploma / Certificate,18,EMP00155
EMP01048,Christopher,Norton,Male,22,African,Product,Product Analyst,Senior,Mombasa HQ,2026-03-09,,Active,No,,5,Meets Expectations,114000,Senior,High School,0,EMP00157
EMP01049,Caroline,Cortez,Female,45,African,Operations,Operations Coordinator,Mid-Level,Nairobi Office,2019-04-04,,Active,No,,88,Meets Expectations,79000,Mid,Bachelor's Degree,25,EMP00019
EMP01050,Katherine,Stark,Female,45,African,Product,Product Analyst,Mid-Level,Mombasa HQ,2020-09-28,,Active,No,,71,Exceeds Expectations,64000,Mid,Bachelor's Degree,23,EMP00199
EMP01051,Joshua,May,Male,28,European,Engineering,QA Engineer,Mid-Level,Dar es Salaam,2024-10-29,,Active,No,,22,Needs Improvement,69000,Mid,Bachelor's Degree,6,EMP00101
EMP01052,Anthony,Johnson,Male,37,Asian,Product,Product Owner,Entry,Remote - East Africa,2019-03-05,,Active,No,,89,Exceeds Expectations,26000,Entry,Bachelor's Degree,15,
EMP01053,Sarah,Landry,Female,37,African,Product,Product Owner,Mid-Level,Mombasa HQ,2021-08-02,,Active,No,,60,Meets Expectations,69000,Mid,Bachelor's Degree,13,EMP00114
EMP01054,Michael,Duran,Male,36,African,Customer Success,Support Specialist,Mid-Level,Nairobi Office,2019-12-15,,Active,No,,80,Exceeds Expectations,60000,Mid,Master's Degree,14,
EMP01055,Jennifer,Kirby,Female,29,African,Operations,Logistics Specialist,Senior,Remote - International,2019-08-28,,Active,No,,84,Exceeds Expectations,118000,Senior,Diploma / Certificate,9,EMP00155
EMP01056,David,Mann,Male,28,African,Sales,Sales Manager,Manager,Remote - Kenya,2024-05-24,2024-12-05,Terminated,Yes,End of Contract,6,Meets Expectations,142000,Lead/Manager,Bachelor's Degree,6,EMP00089
EMP01057,Alexa,Wagner,Female,33,African,Product,Product Owner,Entry,Mombasa HQ,2025-07-12,2026-03-23,Terminated,Yes,Resignation - Better Opportunity,8,Exceeds Expectations,36000,Entry,Master's Degree,13,EMP00172
EMP01058,Jacqueline,Williamson,Female,43,African,Engineering,DevOps Engineer,Mid-Level,Remote - International,2020-07-21,,Active,No,,73,Needs Improvement,68000,Mid,Diploma / Certificate,23,EMP00083
EMP01059,Mary,Jensen,Female,38,Asian,Sales,Regional Sales Director,Director+,Nairobi Office,2024-01-07,,Active,No,,31,Exceeds Expectations,267000,Director+,Bachelor's Degree,14,EMP00037
EMP01060,Karen,Freeman,Female,31,African,Product,Product Owner,Mid-Level,Mombasa HQ,2020-01-24,,Active,No,,79,Meets Expectations,52000,Mid,Diploma / Certificate,11,EMP00108
EMP01061,Aaron,Arnold,Male,40,African,Sales,Business Development Rep,Entry,Mombasa HQ,2020-08-14,2026-07-24,Terminated,Yes,Resignation - Better Opportunity,71,Exceeds Expectations,42000,Entry,Bachelor's Degree,16,
EMP01062,Adam,Moreno,Male,22,African,Engineering,DevOps Engineer,Senior,Kampala,2025-09-18,2026-07-19,Terminated,Yes,Resignation - Career Growth,9,Meets Expectations,86000,Senior,Bachelor's Degree,0,EMP00104
EMP01063,Denise,Madden,Female,43,Asian,Operations,Operations Manager,Manager,Mombasa HQ,2019-04-13,,Active,No,,88,Meets Expectations,209000,Lead/Manager,Bachelor's Degree,20,EMP00101
EMP01064,Alicia,Li,Female,22,Other,Finance,Finance Manager,Manager,Remote - International,2025-11-14,2026-06-28,Terminated,Yes,Retirement,7,Meets Expectations,141000,Lead/Manager,Master's Degree,1,
EMP01065,Michael,Drake,Male,31,African,Customer Success,Onboarding Specialist,Senior,Mombasa HQ,2019-09-05,,Active,No,,83,Meets Expectations,138000,Senior,Bachelor's Degree,11,EMP00010
EMP01066,Susan,Rodriguez,Female,25,European,Marketing,Marketing Specialist,Senior,Mombasa HQ,2022-10-16,,Active,No,,46,Exceeds Expectations,123000,Senior,Bachelor's Degree,4,EMP00189
EMP01067,Anne,Hernandez,Female,23,African,Customer Success,Customer Success Manager,Manager,Nairobi Office,2024-09-20,2025-05-21,Terminated,Yes,Resignation - Better Opportunity,7,Meets Expectations,192000,Lead/Manager,Bachelor's Degree,0,EMP00139
EMP01068,Cheryl,Fox,Female,43,Asian,Human Resources,Recruiter,Entry,Nairobi Office,2019-08-18,,Active,No,,84,Meets Expectations,37000,Entry,Master's Degree,23,EMP00160
EMP01069,Robin,Adams,Female,30,Asian,Customer Success,Onboarding Specialist,Mid-Level,Mombasa HQ,2021-02-16,2024-11-24,Terminated,Yes,Resignation - Compensation,45,Exceeds Expectations,74000,Mid,Bachelor's Degree,5,EMP00175
EMP01070,James,Watson,Male,36,African,Customer Success,Support Specialist,Mid-Level,Remote - Kenya,2019-09-21,,Active,No,,83,Needs Improvement,73000,Mid,Master's Degree,14,EMP00139
EMP01071,Jennifer,Cunningham,Female,33,African,Sales,Sales Manager,Manager,Mombasa HQ,2022-04-01,,Active,No,,53,Exceeds Expectations,208000,Lead/Manager,Bachelor's Degree,12,EMP00163
EMP01072,Wanda,Perez,Female,37,African,Legal & Compliance,Paralegal,Mid-Level,Mombasa HQ,2020-03-31,,Active,No,,77,Meets Expectations,68000,Mid,Master's Degree,17,EMP00084
EMP01073,Michael,Abbott,Male,34,African,Engineering,Engineering Manager,Manager,Remote - Kenya,2020-03-19,,Active,No,,77,Meets Expectations,198000,Lead/Manager,Master's Degree,10,EMP00156
EMP01074,Matthew,Garrison,Male,23,African,Human Resources,HR Generalist,Entry,Nairobi Office,2026-08-06,,Active,No,,1,Meets Expectations,42000,Entry,Bachelor's Degree,1,EMP00084
EMP01075,Peter,Davis,Male,41,African,Sales,Sales Manager,Manager,Remote - East Africa,2023-03-26,2026-04-08,Terminated,Yes,Termination - Performance,36,Needs Improvement,200000,Lead/Manager,Bachelor's Degree,20,EMP00154
EMP01076,Jamie,Tran,Female,30,African,Operations,Operations Coordinator,Mid-Level,Mombasa HQ,2024-04-24,2025-04-19,Terminated,Yes,Resignation - Personal/Family,11,Meets Expectations,78000,Mid,Master's Degree,10,
EMP01077,Amy,Smith,Female,22,African,Finance,Finance Manager,Manager,Mombasa HQ,2026-05-03,,Active,No,,3,Meets Expectations,190000,Lead/Manager,Bachelor's Degree,0,EMP00039
EMP01078,Carolyn,Porter,Female,30,Asian,Finance,Financial Analyst,Mid-Level,Remote - East Africa,2020-09-25,2026-03-14,Terminated,Yes,Resignation - Compensation,65,Meets Expectations,76000,Mid,Diploma / Certificate,9,EMP00002
EMP01079,Jeffrey,Mueller,Male,46,African,Engineering,Senior Software Engineer,Senior,Remote - East Africa,2025-02-18,,Active,No,,18,Exceeds Expectations,98000,Senior,Bachelor's Degree,22,EMP00084
EMP01080,Kylie,Hodge,Female,40,African,Marketing,Marketing Analyst,Mid-Level,Dar es Salaam,2021-02-21,,Active,No,,66,Outstanding,77000,Mid,Bachelor's Degree,18,EMP00162
EMP01081,Brandon,Rice,Male,31,Asian,Engineering,QA Engineer,Mid-Level,Remote - International,2021-01-14,,Active,No,,67,Exceeds Expectations,60000,Mid,Master's Degree,8,EMP00110
EMP01082,Andrew,Lewis,Male,31,African,IT Support,IT Support Specialist,Mid-Level,Mombasa HQ,2024-02-04,,Active,No,,30,Needs Improvement,79000,Mid,Master's Degree,11,EMP00030
EMP01083,Shawna,Clay,Female,31,African,Human Resources,HR Generalist,Entry,Nairobi Office,2024-08-16,,Active,No,,24,Meets Expectations,25000,Entry,Diploma / Certificate,10,EMP00099
EMP01084,John,Williams,Male,50,Mixed Heritage,Customer Success,Onboarding Specialist,Mid-Level,Nairobi Office,2023-05-22,,Active,No,,39,Needs Improvement,84000,Mid,Bachelor's Degree,30,EMP00190
EMP01085,Benjamin,Frost,Male,37,African,Finance,Finance Manager,Manager,Mombasa HQ,2020-07-29,2022-03-28,Terminated,Yes,Resignation - Better Opportunity,19,Needs Improvement,163000,Lead/Manager,Diploma / Certificate,17,
EMP01086,Stephanie,Elliott,Female,37,Asian,Marketing,Marketing Specialist,Senior,Nairobi Office,2022-01-04,,Active,No,,55,Exceeds Expectations,119000,Senior,Master's Degree,12,
EMP01087,Andrew,Mcfarland,Male,42,African,Sales,Regional Sales Director,Director+,Nairobi Office,2021-04-14,,Active,No,,64,Outstanding,285000,Director+,Diploma / Certificate,21,EMP00035
EMP01088,Ernest,Ali,Male,35,African,Engineering,QA Engineer,Senior,Nairobi Office,2019-04-18,,Active,No,,88,Meets Expectations,103000,Senior,Bachelor's Degree,13,EMP00113
EMP01089,Kevin,Goodwin,Male,31,African,Legal & Compliance,Paralegal,Mid-Level,Mombasa HQ,2019-04-27,,Active,No,,88,Exceeds Expectations,48000,Mid,Master's Degree,11,EMP00040
EMP01090,Micheal,Sanders,Male,32,Asian,Customer Success,Support Specialist,Senior,Dar es Salaam,2019-06-28,,Active,No,,86,Meets Expectations,133000,Senior,Master's Degree,6,EMP00094
EMP01091,Billy,Martin,Male,33,African,Finance,Accountant,Mid-Level,Dar es Salaam,2025-04-19,,Active,No,,16,Exceeds Expectations,79000,Mid,Master's Degree,12,EMP00101
EMP01092,Cynthia,Davenport,Female,33,Asian,Engineering,Software Engineer,Mid-Level,Dar es Salaam,2025-05-12,,Active,No,,15,Exceeds Expectations,55000,Mid,Bachelor's Degree,12,EMP00048
EMP01093,Jasmine,Mosley,Female,39,European,Customer Success,Onboarding Specialist,Mid-Level,Mombasa HQ,2025-05-29,,Active,No,,15,Exceeds Expectations,47000,Mid,Bachelor's Degree,16,EMP00133
EMP01094,Gary,Campos,Male,34,Other,Engineering,Senior Software Engineer,Senior,Mombasa HQ,2026-01-22,,Active,No,,7,Exceeds Expectations,87000,Senior,Diploma / Certificate,13,EMP00156
EMP01095,Charles,Hinton,Male,39,African,Marketing,Brand Manager,Manager,Mombasa HQ,2018-10-06,,Active,No,,94,Meets Expectations,181000,Lead/Manager,Bachelor's Degree,19,EMP00016
EMP01096,Misty,Mason,Female,33,Mixed Heritage,Human Resources,HR Business Partner,Entry,Nairobi Office,2023-01-27,2024-02-24,Terminated,Yes,End of Contract,12,Exceeds Expectations,31000,Entry,Bachelor's Degree,11,EMP00024
EMP01097,William,Brown,Male,34,Mixed Heritage,Sales,Account Executive,Mid-Level,Nairobi Office,2023-04-10,,Active,No,,40,Exceeds Expectations,52000,Mid,Bachelor's Degree,12,
EMP01098,Jessica,Roberson,Female,22,African,Marketing,Marketing Specialist,Mid-Level,Mombasa HQ,2026-06-19,,Active,No,,2,Exceeds Expectations,85000,Mid,Bachelor's Degree,0,EMP00176
EMP01099,Gina,Mack,Female,41,African,Product,Product Owner,Mid-Level,Mombasa HQ,2025-05-28,2025-10-27,Terminated,Yes,Resignation - Better Opportunity,4,Meets Expectations,75000,Mid,Bachelor's Degree,19,
EMP01100,Troy,Sanders,Male,36,Mixed Heritage,Engineering,Tech Lead,Manager,Mombasa HQ,2024-04-08,,Active,No,,28,Meets Expectations,214000,Lead/Manager,Diploma / Certificate,15,EMP00170
EMP01101,Patricia,Johnson,Female,41,Asian,Sales,Sales Manager,Manager,Nairobi Office,2023-06-24,,Active,No,,38,Meets Expectations,202000,Lead/Manager,Bachelor's Degree,19,
EMP01102,Denise,Riddle,Female,22,African,Customer Success,CS Team Lead,Manager,Nairobi Office,2025-09-08,,Active,No,,11,Meets Expectations,219000,Lead/Manager,Diploma / Certificate,0,EMP00190
EMP01103,John,Kelly,Male,50,African,Finance,Financial Analyst,Senior,Mombasa HQ,2026-06-24,,Active,No,,2,Meets Expectations,97000,Senior,Diploma / Certificate,27,EMP00092
EMP01104,Teresa,Reynolds,Female,32,Mixed Heritage,Operations,Process Improvement Lead,Manager,Remote - International,2025-10-30,,Active,No,,10,Needs Improvement,169000,Lead/Manager,Diploma / Certificate,12,EMP00109
EMP01105,Michael,Guerrero,Male,42,African,Sales,Business Development Rep,Entry,Mombasa HQ,2025-09-17,,Active,No,,11,Needs Improvement,30000,Entry,Bachelor's Degree,22,
EMP01106,Angelica,Montgomery,Female,25,African,Engineering,Tech Lead,Manager,Mombasa HQ,2023-02-16,,Active,No,,42,Exceeds Expectations,216000,Lead/Manager,Master's Degree,5,EMP00032
EMP01107,Rebecca,Marquez,Female,38,African,Sales,Sales Manager,Manager,Nairobi Office,2021-12-03,,Active,No,,56,Needs Improvement,213000,Lead/Manager,Master's Degree,15,
EMP01108,Angela,Moore,Female,25,European,Engineering,DevOps Engineer,Senior,Nairobi Office,2024-03-26,2024-07-24,Terminated,Yes,Retirement,3,Exceeds Expectations,137000,Senior,Diploma / Certificate,4,
EMP01109,Michelle,Walters,Female,29,African,Sales,Regional Sales Director,Director+,Remote - Kenya,2024-11-07,2025-01-19,Terminated,Yes,Resignation - Compensation,2,Exceeds Expectations,309000,Director+,Bachelor's Degree,9,EMP00038
EMP01110,Patrick,Stewart,Male,49,African,Customer Success,Customer Success Manager,Manager,Mombasa HQ,2021-08-03,2025-09-30,Terminated,Yes,Resignation - Better Opportunity,49,Needs Improvement,218000,Lead/Manager,Diploma / Certificate,29,EMP00093
EMP01111,Ashley,Smith,Female,32,African,Legal & Compliance,Compliance Officer,Mid-Level,Nairobi Office,2021-10-15,,Active,No,,58,Meets Expectations,53000,Mid,Diploma / Certificate,12,EMP00110
EMP01112,Elizabeth,Ward,Female,35,African,Customer Success,Onboarding Specialist,Mid-Level,Kampala,2022-02-26,,Active,No,,54,Outstanding,50000,Mid,Bachelor's Degree,15,EMP00101
EMP01113,Derrick,Anderson,Male,40,African,Operations,Operations Manager,Manager,Mombasa HQ,2026-04-23,,Active,No,,4,Meets Expectations,146000,Lead/Manager,Master's Degree,15,
EMP01114,Chelsea,Cole,Female,37,African,Customer Success,Customer Success Manager,Manager,Nairobi Office,2026-04-02,,Active,No,,4,Meets Expectations,204000,Lead/Manager,Bachelor's Degree,17,
EMP01115,Justin,Russell,Male,35,African,Marketing,Marketing Analyst,Senior,Remote - Kenya,2018-09-25,,Active,No,,95,Needs Improvement,132000,Senior,High School,15,EMP00151
EMP01116,Allison,Gomez,Female,36,African,Engineering,QA Engineer,Senior,Remote - East Africa,2025-12-09,,Active,No,,8,Exceeds Expectations,136000,Senior,Doctorate,16,EMP00143
EMP01117,Anna,George,Female,53,African,Finance,Financial Analyst,Mid-Level,Remote - East Africa,2021-04-15,,Active,No,,64,Exceeds Expectations,60000,Mid,Bachelor's Degree,33,EMP00054
EMP01118,Frederick,Cruz,Male,33,European,Finance,FP&A Analyst,Senior,Nairobi Office,2025-12-01,,Active,No,,9,Meets Expectations,118000,Senior,Doctorate,8,EMP00170
EMP01119,Edgar,Hughes,Male,35,African,Sales,Account Executive,Mid-Level,Remote - Kenya,2026-01-20,,Active,No,,7,Exceeds Expectations,66000,Mid,Diploma / Certificate,15,EMP00067
EMP01120,Angela,Santana,Female,42,African,Sales,Business Development Rep,Mid-Level,Kampala,2019-12-28,,Active,No,,80,Meets Expectations,77000,Mid,Bachelor's Degree,20,EMP00022
EMP01121,Taylor,Spence,Male,42,Mixed Heritage,Legal & Compliance,Legal Counsel,Mid-Level,Mombasa HQ,2025-11-16,,Active,No,,9,Exceeds Expectations,67000,Mid,Master's Degree,16,
EMP01122,Kenneth,Jackson,Male,43,Asian,Human Resources,People Operations Specialist,Senior,Nairobi Office,2022-06-23,2023-08-10,Terminated,Yes,Resignation - Better Opportunity,13,Needs Improvement,134000,Senior,Diploma / Certificate,22,EMP00082
EMP01123,Jamie,Taylor,Female,39,African,Operations,Operations Coordinator,Senior,Nairobi Office,2019-05-27,,Active,No,,87,Meets Expectations,95000,Senior,Bachelor's Degree,14,EMP00070
EMP01124,Eric,Snyder,Male,24,African,Human Resources,Compensation Analyst,Senior,Mombasa HQ,2023-12-29,2024-04-11,Terminated,Yes,Resignation - Career Growth,3,Meets Expectations,116000,Senior,Bachelor's Degree,3,EMP00023
EMP01125,Arthur,Hamilton,Male,47,African,Human Resources,People Operations Specialist,Mid-Level,Mombasa HQ,2019-02-09,,Active,No,,90,Meets Expectations,62000,Mid,Diploma / Certificate,24,EMP00028
EMP01126,Jason,Washington,Male,24,African,Human Resources,People Operations Specialist,Mid-Level,Nairobi Office,2024-04-21,,Active,No,,28,Meets Expectations,79000,Mid,Diploma / Certificate,4,EMP00068
EMP01127,Angela,King,Female,36,African,Product,Product Owner,Entry,Remote - Kenya,2025-07-10,2026-03-09,Terminated,Yes,Resignation - Compensation,7,Meets Expectations,34000,Entry,High School,12,EMP00140
EMP01128,David,Weber,Male,27,African,Sales,Business Development Rep,Mid-Level,Remote - International,2026-03-17,2026-06-18,Terminated,Yes,Resignation - Personal/Family,3,Meets Expectations,83000,Mid,Bachelor's Degree,2,EMP00155
EMP01129,Linda,Gonzalez,Female,33,African,Customer Success,Onboarding Specialist,Mid-Level,Remote - East Africa,2023-11-20,,Active,No,,33,Meets Expectations,78000,Mid,Doctorate,13,EMP00053
EMP01130,Ashley,Torres,Female,36,African,Finance,Financial Analyst,Mid-Level,Remote - East Africa,2023-10-25,,Active,No,,34,Meets Expectations,64000,Mid,Diploma / Certificate,13,EMP00043
EMP01131,Travis,Cook,Male,36,African,Engineering,Engineering Manager,Manager,Mombasa HQ,2019-05-18,,Active,No,,87,Meets Expectations,200000,Lead/Manager,Bachelor's Degree,13,
EMP01132,Manuel,Brock,Male,37,European,Marketing,Brand Manager,Manager,Remote - Kenya,2018-10-26,,Active,No,,94,Exceeds Expectations,200000,Lead/Manager,Bachelor's Degree,12,EMP00187
EMP01133,Gary,Cook,Male,46,African,Sales,Regional Sales Director,Director+,Kampala,2020-11-14,2022-04-21,Terminated,Yes,Termination - Performance,17,Meets Expectations,294000,Director+,High School,25,EMP00068
EMP01134,Robert,Villarreal,Male,37,European,Operations,Process Improvement Lead,Manager,Nairobi Office,2018-11-10,,Active,No,,93,Outstanding,193000,Lead/Manager,Bachelor's Degree,14,EMP00024
EMP01135,William,Taylor,Male,32,African,Engineering,QA Engineer,Mid-Level,Nairobi Office,2024-08-23,,Active,No,,24,Meets Expectations,58000,Mid,Bachelor's Degree,11,EMP00098
EMP01136,Erica,Valentine,Female,41,African,Product,Product Manager,Manager,Mombasa HQ,2019-12-26,,Active,No,,80,Exceeds Expectations,168000,Lead/Manager,Bachelor's Degree,20,EMP00106
EMP01137,Christina,Edwards,Female,43,African,Legal & Compliance,Paralegal,Entry,Remote - East Africa,2026-02-12,,Active,No,,6,Meets Expectations,35000,Entry,High School,18,EMP00149
EMP01138,Tracey,Novak,Female,24,European,Engineering,Software Engineer,Mid-Level,Nairobi Office,2024-03-25,,Active,No,,29,Meets Expectations,60000,Mid,Master's Degree,2,EMP00080
EMP01139,Doris,Neal,Female,38,African,Engineering,Engineering Manager,Manager,Remote - Kenya,2023-02-03,,Active,No,,42,Meets Expectations,179000,Lead/Manager,High School,15,EMP00063
EMP01140,Katherine,Johnston,Female,39,African,Marketing,Digital Marketing Manager,Manager,Mombasa HQ,2022-11-23,2025-04-13,Terminated,Yes,Resignation - Career Growth,28,Meets Expectations,161000,Lead/Manager,Diploma / Certificate,19,EMP00003
EMP01141,Dana,Bennett,Female,31,African,Finance,Controller,Entry,Remote - East Africa,2021-04-21,,Active,No,,64,Meets Expectations,29000,Entry,Master's Degree,9,EMP00100
EMP01142,Rose,Long,Female,45,African,Sales,Sales Representative,Entry,Mombasa HQ,2020-09-08,,Active,No,,71,Outstanding,39000,Entry,Master's Degree,21,EMP00138
EMP01143,Daniel,Elliott,Non-Binary,32,African,Sales,Regional Sales Director,Director+,Kampala,2024-06-21,,Active,No,,26,Meets Expectations,314000,Director+,Bachelor's Degree,7,EMP00004
EMP01144,Leslie,Gardner,Female,35,African,Product,UX Designer,Mid-Level,Nairobi Office,2025-01-06,,Active,No,,19,Needs Improvement,85000,Mid,Diploma / Certificate,10,EMP00195
EMP01145,Michael,Pierce,Male,32,African,Product,UX Designer,Entry,Remote - International,2020-06-15,,Active,No,,74,Meets Expectations,32000,Entry,Bachelor's Degree,12,EMP00045
EMP01146,Tiffany,Murray,Female,34,African,Engineering,Software Engineer,Senior,Nairobi Office,2026-04-26,,Active,No,,4,Meets Expectations,123000,Senior,Diploma / Certificate,10,EMP00087
EMP01147,Michelle,Gonzales,Female,25,African,Finance,Accountant,Mid-Level,Remote - Kenya,2023-08-28,,Active,No,,36,Outstanding,48000,Mid,Master's Degree,2,EMP00022
EMP01148,Doris,Schwartz,Female,22,African,Operations,Logistics Specialist,Senior,Remote - Kenya,2026-08-17,,Active,No,,1,Meets Expectations,98000,Senior,Bachelor's Degree,0,EMP00122
EMP01149,Robert,Flynn,Male,46,African,Engineering,Software Engineer,Senior,Remote - Kenya,2023-10-23,,Active,No,,34,Needs Improvement,88000,Senior,Bachelor's Degree,23,EMP00059
EMP01150,Jason,Porter,Male,27,African,Engineering,QA Engineer,Mid-Level,Remote - Kenya,2026-04-08,,Active,No,,4,Exceeds Expectations,51000,Mid,Master's Degree,3,EMP00184
EMP01151,Madeline,Allen,Female,26,European,Marketing,Brand Manager,Manager,Mombasa HQ,2025-02-07,,Active,No,,18,Outstanding,178000,Lead/Manager,Master's Degree,3,EMP00137
EMP01152,Mary,Espinoza,Female,22,African,Engineering,QA Engineer,Senior,Remote - Kenya,2026-08-25,,Active,No,,1,Exceeds Expectations,123000,Senior,Bachelor's Degree,0,EMP00165
EMP01153,Richard,Jones,Male,28,African,Customer Success,Support Specialist,Mid-Level,Remote - East Africa,2020-04-19,,Active,No,,76,Meets Expectations,83000,Mid,Bachelor's Degree,7,EMP00196
EMP01154,William,Mendoza,Male,23,African,Finance,Financial Analyst,Mid-Level,Remote - East Africa,2025-05-29,,Active,No,,15,Meets Expectations,84000,Mid,Master's Degree,3,EMP00154
EMP01155,Jennifer,Hunter,Female,47,African,Operations,Logistics Specialist,Senior,Mombasa HQ,2021-08-17,,Active,No,,60,Meets Expectations,95000,Senior,Bachelor's Degree,27,EMP00166
EMP01156,Tami,Holt,Female,42,European,Customer Success,Onboarding Specialist,Mid-Level,Mombasa HQ,2020-11-23,,Active,No,,69,Meets Expectations,82000,Mid,Diploma / Certificate,22,
EMP01157,Joshua,Gibbs,Male,28,African,Sales,Sales Representative,Entry,Remote - Kenya,2021-10-20,2022-02-18,Terminated,Yes,Resignation - Compensation,3,Exceeds Expectations,30000,Entry,Bachelor's Degree,6,EMP00174
EMP01158,Ian,Woodard,Male,52,African,Operations,Logistics Specialist,Mid-Level,Kampala,2025-12-23,,Active,No,,8,Meets Expectations,67000,Mid,Bachelor's Degree,32,EMP00165
EMP01159,Kimberly,Little,Female,41,Asian,Product,Product Manager,Manager,Nairobi Office,2025-02-12,,Active,No,,18,Exceeds Expectations,203000,Lead/Manager,Bachelor's Degree,20,
EMP01160,Angela,Mack,Female,31,Asian,Sales,Account Executive,Mid-Level,Nairobi Office,2023-07-17,,Active,No,,37,Meets Expectations,85000,Mid,Master's Degree,11,
EMP01161,Matthew,Kelly,Male,22,African,Sales,Sales Representative,Mid-Level,Mombasa HQ,2026-02-12,,Active,No,,6,Meets Expectations,84000,Mid,Diploma / Certificate,2,EMP00058
EMP01162,Maria,Williams,Female,52,African,IT Support,IT Support Specialist,Senior,Remote - East Africa,2019-09-25,,Active,No,,83,Needs Improvement,115000,Senior,Master's Degree,28,EMP00111
EMP01163,Victoria,Byrd,Female,22,African,Operations,Operations Manager,Manager,Mombasa HQ,2026-06-12,,Active,No,,2,Needs Improvement,164000,Lead/Manager,Bachelor's Degree,0,EMP00143
EMP01164,James,Goodwin,Male,22,African,Operations,Process Improvement Lead,Manager,Nairobi Office,2026-02-27,,Active,No,,6,Meets Expectations,149000,Lead/Manager,Bachelor's Degree,0,
EMP01165,Tracie,Jordan,Female,42,Mixed Heritage,Operations,Logistics Specialist,Mid-Level,Nairobi Office,2019-08-05,,Active,No,,84,Exceeds Expectations,69000,Mid,Diploma / Certificate,21,EMP00021
EMP01166,Alex,Green,Non-Binary,53,African,Customer Success,Customer Success Manager,Manager,Nairobi Office,2022-08-14,,Active,No,,48,Outstanding,201000,Lead/Manager,Master's Degree,33,EMP00181
EMP01167,Kayla,Stone,Female,45,African,Sales,Account Executive,Mid-Level,Mombasa HQ,2023-07-11,,Active,No,,37,Meets Expectations,60000,Mid,Bachelor's Degree,20,EMP00042
EMP01168,Kevin,Johnston,Male,38,African,Sales,Regional Sales Director,Director+,Nairobi Office,2022-07-24,2025-10-29,Terminated,Yes,Resignation - Personal/Family,39,Meets Expectations,273000,Director+,Master's Degree,18,EMP00082
EMP01169,Jeremy,Myers,Male,38,African,Operations,Process Improvement Lead,Manager,Mombasa HQ,2026-09-01,,Active,No,,1,Exceeds Expectations,150000,Lead/Manager,Master's Degree,17,EMP00181
EMP01170,Patricia,Chapman,Female,40,Asian,Product,Product Owner,Entry,Remote - Kenya,2021-01-10,,Active,No,,67,Meets Expectations,26000,Entry,Bachelor's Degree,16,EMP00002
EMP01171,Jonathan,Cooper,Male,40,Asian,Sales,Regional Sales Director,Director+,Nairobi Office,2021-08-05,2024-02-10,Terminated,Yes,Resignation - Better Opportunity,30,Outstanding,303000,Director+,Diploma / Certificate,20,EMP00198
EMP01172,Alexander,Garcia,Male,36,African,Engineering,DevOps Engineer,Mid-Level,Remote - East Africa,2025-05-14,,Active,No,,15,Meets Expectations,76000,Mid,Bachelor's Degree,14,EMP00028
EMP01173,Jennifer,Nixon,Female,34,European,IT Support,Helpdesk Analyst,Mid-Level,Nairobi Office,2026-01-26,2026-04-07,Terminated,Yes,Resignation - Better Opportunity,2,Needs Improvement,52000,Mid,Bachelor's Degree,14,EMP00004
EMP01174,Brian,Shepard,Male,33,Other,Sales,Regional Sales Director,Director+,Remote - East Africa,2023-03-02,,Active,No,,42,Meets Expectations,261000,Director+,Diploma / Certificate,11,
EMP01175,Brenda,Collins,Female,27,European,Customer Success,Onboarding Specialist,Mid-Level,Remote - Kenya,2023-07-17,,Active,No,,37,Meets Expectations,67000,Mid,Bachelor's Degree,3,EMP00185
EMP01176,Jordan,Clark,Female,31,African,Operations,Operations Manager,Manager,Remote - East Africa,2025-11-16,,Active,No,,9,Meets Expectations,218000,Lead/Manager,Bachelor's Degree,11,EMP00104
EMP01177,John,Alvarez,Male,22,African,Engineering,Senior Software Engineer,Senior,Dar es Salaam,2026-04-23,,Active,No,,4,Meets Expectations,89000,Senior,Master's Degree,1,EMP00136
EMP01178,Jessica,Horton,Female,33,Asian,Sales,Sales Manager,Manager,Kampala,2024-03-18,,Active,No,,29,Exceeds Expectations,218000,Lead/Manager,Bachelor's Degree,11,
EMP01179,Emma,Evans,Female,26,Mixed Heritage,Engineering,Senior Software Engineer,Senior,Remote - East Africa,2025-11-23,,Active,No,,9,Needs Improvement,102000,Senior,Master's Degree,5,EMP00181
EMP01180,Rhonda,Wilson,Female,25,African,Sales,Sales Manager,Manager,Nairobi Office,2023-07-03,,Active,No,,37,Meets Expectations,176000,Lead/Manager,Master's Degree,3,
EMP01181,Samuel,Wong,Male,35,African,Engineering,Software Engineer,Mid-Level,Nairobi Office,2025-09-25,,Active,No,,11,Meets Expectations,73000,Mid,Bachelor's Degree,12,EMP00176
EMP01182,Michael,Martin,Male,45,African,Sales,Sales Manager,Manager,Mombasa HQ,2019-07-24,,Active,No,,85,Meets Expectations,204000,Lead/Manager,Bachelor's Degree,23,EMP00069
EMP01183,William,Sanchez,Male,41,African,Finance,Financial Analyst,Senior,Remote - Kenya,2022-08-30,2023-09-17,Terminated,Yes,Termination - Performance,12,Meets Expectations,140000,Senior,Diploma / Certificate,21,
EMP01184,Christopher,Moore,Male,22,African,Engineering,Engineering Manager,Manager,Mombasa HQ,2026-01-19,,Active,No,,7,Needs Improvement,157000,Lead/Manager,Master's Degree,0,EMP00127
EMP01185,Justin,Mullen,Male,26,African,Sales,Regional Sales Director,Director+,Mombasa HQ,2022-07-03,,Active,No,,49,Needs Improvement,333000,Director+,Bachelor's Degree,6,
EMP01186,David,Sullivan,Male,41,African,Sales,Regional Sales Director,Director+,Dar es Salaam,2018-12-06,2022-03-16,Terminated,Yes,Resignation - Personal/Family,39,Outstanding,266000,Director+,Bachelor's Degree,20,
EMP01187,Cody,Davidson,Male,26,African,Customer Success,CS Team Lead,Manager,Nairobi Office,2024-10-12,,Active,No,,22,Meets Expectations,145000,Lead/Manager,Master's Degree,6,
EMP01188,Jessica,Johnson,Female,32,African,Engineering,Engineering Manager,Manager,Remote - Kenya,2022-02-05,,Active,No,,54,Meets Expectations,195000,Lead/Manager,Bachelor's Degree,10,EMP00110
EMP01189,Lisa,Gonzalez,Female,38,African,Product,Product Manager,Manager,Remote - International,2021-01-19,,Active,No,,67,Exceeds Expectations,146000,Lead/Manager,Bachelor's Degree,18,
EMP01190,Kevin,Price,Male,26,African,Marketing,Digital Marketing Manager,Manager,Mombasa HQ,2023-12-01,,Active,No,,33,Exceeds Expectations,186000,Lead/Manager,Diploma / Certificate,6,
EMP01191,Michele,Harris,Female,34,African,Sales,Sales Manager,Manager,Remote - Kenya,2022-04-13,2025-06-16,Terminated,Yes,Resignation - Better Opportunity,38,Meets Expectations,206000,Lead/Manager,Bachelor's Degree,11,
EMP01192,Nicole,Stokes,Female,23,African,Finance,Accountant,Entry,Mombasa HQ,2026-07-23,,Active,No,,1,Exceeds Expectations,29000,Entry,High School,3,EMP00164
EMP01193,Amy,Garcia,Female,29,African,Human Resources,Compensation Analyst,Mid-Level,Kampala,2022-05-13,,Active,No,,51,Meets Expectations,62000,Mid,Master's Degree,7,EMP00174
EMP01194,Shane,Lopez,Male,36,Asian,Engineering,DevOps Engineer,Mid-Level,Nairobi Office,2024-07-31,,Active,No,,25,Meets Expectations,80000,Mid,Bachelor's Degree,16,EMP00012
EMP01195,Gabriel,Ellis,Male,22,African,Engineering,Senior Software Engineer,Senior,Remote - International,2026-02-24,,Active,No,,6,Meets Expectations,108000,Senior,High School,2,EMP00178
EMP01196,Deborah,Huffman,Female,37,Asian,Customer Success,Customer Success Manager,Manager,Mombasa HQ,2020-06-29,,Active,No,,74,Exceeds Expectations,213000,Lead/Manager,Master's Degree,17,EMP00156
EMP01197,Joseph,Fowler,Male,33,African,Finance,Accountant,Entry,Remote - East Africa,2026-08-15,,Active,No,,1,Meets Expectations,43000,Entry,Bachelor's Degree,13,EMP00055
EMP01198,Kyle,Carr,Male,38,African,Operations,Supply Chain Analyst,Mid-Level,Remote - Kenya,2018-10-10,,Active,No,,94,Meets Expectations,48000,Mid,Bachelor's Degree,14,EMP00198
EMP01199,Kevin,Bailey,Male,35,African,Engineering,Senior Software Engineer,Senior,Nairobi Office,2022-06-17,,Active,No,,50,Exceeds Expectations,111000,Senior,Master's Degree,15,EMP00131
EMP01200,Ryan,Williamson,Male,44,Other,Engineering,Engineering Manager,Manager,Nairobi Office,2026-08-28,,Active,No,,1,Meets Expectations,209000,Lead/Manager,Diploma / Certificate,20,
EMP01201,Robin,Mccarthy,Female,35,Other,Sales,Account Executive,Entry,Remote - Kenya,2020-10-13,2024-12-25,Terminated,Yes,Resignation - Compensation,50,Exceeds Expectations,27000,Entry,Bachelor's Degree,15,EMP00189
EMP01202,Edward,Mendez,Male,30,Other,Customer Success,Customer Success Manager,Manager,Kampala,2025-03-13,,Active,No,,17,Meets Expectations,150000,Lead/Manager,Bachelor's Degree,8,EMP00027
EMP01203,Bradley,Anderson,Male,34,Asian,Engineering,Tech Lead,Manager,Remote - International,2026-02-21,,Active,No,,6,Needs Improvement,156000,Lead/Manager,Bachelor's Degree,11,
EMP01204,Autumn,Torres,Female,38,African,Finance,FP&A Analyst,Mid-Level,Remote - Kenya,2020-08-23,,Active,No,,72,Exceeds Expectations,78000,Mid,Master's Degree,18,EMP00023
EMP01205,Clayton,Steele,Male,34,European,Operations,Operations Coordinator,Mid-Level,Remote - East Africa,2025-05-01,2025-11-03,Terminated,Yes,Termination - Performance,6,Meets Expectations,60000,Mid,Diploma / Certificate,9,
EMP01206,Kayla,Barnes,Female,34,European,Engineering,Senior Software Engineer,Senior,Nairobi Office,2026-07-06,,Active,No,,1,Meets Expectations,93000,Senior,Master's Degree,12,EMP00101
EMP01207,Chad,Reyes,Male,28,African,Operations,Operations Coordinator,Mid-Level,Remote - East Africa,2022-08-12,,Active,No,,48,Exceeds Expectations,73000,Mid,Bachelor's Degree,5,EMP00010
EMP01208,Charlene,Reid,Female,28,Asian,Operations,Logistics Specialist,Mid-Level,Nairobi Office,2022-10-24,,Active,No,,46,Meets Expectations,53000,Mid,Bachelor's Degree,5,
EMP01209,Melissa,Brewer,Female,22,Mixed Heritage,Sales,Account Executive,Mid-Level,Nairobi Office,2026-06-23,,Active,No,,2,Outstanding,78000,Mid,Diploma / Certificate,2,EMP00173
EMP01210,Zachary,Peters,Male,47,African,Sales,Business Development Rep,Mid-Level,Remote - Kenya,2019-09-28,,Active,No,,83,Meets Expectations,70000,Mid,Bachelor's Degree,26,EMP00183
EMP01211,Katherine,Taylor,Female,24,African,Sales,Business Development Rep,Mid-Level,Nairobi Office,2025-02-02,,Active,No,,18,Meets Expectations,60000,Mid,Master's Degree,4,
EMP01212,Ernest,Hayes,Male,28,Mixed Heritage,Operations,Operations Manager,Manager,Nairobi Office,2025-10-14,,Active,No,,10,Exceeds Expectations,160000,Lead/Manager,High School,5,
EMP01213,Anthony,Howard,Male,28,European,IT Support,Systems Administrator,Entry,Remote - Kenya,2022-12-16,,Active,No,,44,Exceeds Expectations,34000,Entry,Bachelor's Degree,7,EMP00185
EMP01214,Alexandra,Taylor,Female,41,African,Human Resources,HR Generalist,Mid-Level,Remote - International,2022-05-02,,Active,No,,52,Meets Expectations,59000,Mid,Bachelor's Degree,20,
EMP01215,Robin,Maynard,Female,31,African,Engineering,Engineering Manager,Manager,Mombasa HQ,2022-12-11,,Active,No,,44,Exceeds Expectations,150000,Lead/Manager,High School,11,
EMP01216,Jonathan,Simpson,Male,43,African,Engineering,DevOps Engineer,Mid-Level,Remote - International,2025-05-27,,Active,No,,15,Meets Expectations,58000,Mid,Bachelor's Degree,19,
EMP01217,Melinda,Perry,Female,28,African,Engineering,Tech Lead,Manager,Dar es Salaam,2023-09-13,,Active,No,,35,Meets Expectations,187000,Lead/Manager,Diploma / Certificate,4,
EMP01218,Sara,Burns,Female,36,Asian,Engineering,Engineering Manager,Manager,Remote - Kenya,2019-04-17,,Active,No,,88,Outstanding,211000,Lead/Manager,Bachelor's Degree,12,
EMP01219,Angela,Johnson,Female,27,African,Operations,Operations Coordinator,Mid-Level,Mombasa HQ,2021-08-29,,Active,No,,60,Meets Expectations,66000,Mid,Master's Degree,7,EMP00169
EMP01220,Philip,Carter,Male,51,Asian,Engineering,Senior Software Engineer,Senior,Remote - Kenya,2025-05-29,,Active,No,,15,Meets Expectations,109000,Senior,Diploma / Certificate,26,EMP00007
EMP01221,Donald,Medina,Male,24,African,Finance,Controller,Mid-Level,Nairobi Office,2024-04-04,,Active,No,,28,Meets Expectations,80000,Mid,Bachelor's Degree,0,
EMP01222,Christopher,Ellis,Male,36,African,Product,Product Manager,Manager,Nairobi Office,2025-12-18,,Active,No,,8,Meets Expectations,214000,Lead/Manager,Diploma / Certificate,15,
EMP01223,Patrick,Cannon,Male,39,African,Sales,Account Executive,Mid-Level,Remote - East Africa,2024-06-25,2025-06-28,Terminated,Yes,Resignation - Better Opportunity,12,Meets Expectations,72000,Mid,Diploma / Certificate,19,EMP00056
EMP01224,Joshua,Wilson,Male,37,African,Human Resources,Compensation Analyst,Senior,Remote - East Africa,2022-06-06,,Active,No,,50,Meets Expectations,123000,Senior,High School,16,EMP00185
EMP01225,Brian,Hampton,Male,32,African,Sales,Account Executive,Mid-Level,Kampala,2022-09-20,,Active,No,,47,Exceeds Expectations,70000,Mid,Diploma / Certificate,12,
EMP01226,Rodney,Richardson,Male,32,European,Sales,Regional Sales Director,Director+,Dar es Salaam,2023-06-13,,Active,No,,38,Exceeds Expectations,256000,Director+,Bachelor's Degree,9,EMP00091
EMP01227,Samantha,Williams,Female,34,African,Engineering,Senior Software Engineer,Senior,Nairobi Office,2026-02-13,,Active,No,,6,Meets Expectations,108000,Senior,High School,9,EMP00031
EMP01228,Michelle,Payne,Female,32,African,Human Resources,Recruiter,Mid-Level,Mombasa HQ,2022-09-12,,Active,No,,47,Outstanding,53000,Mid,Diploma / Certificate,7,EMP00174
EMP01229,William,Garcia,Male,41,Asian,Customer Success,Support Specialist,Senior,Remote - East Africa,2023-10-10,,Active,No,,34,Meets Expectations,138000,Senior,Bachelor's Degree,21,
EMP01230,Maria,Potter,Non-Binary,51,African,Engineering,Senior Software Engineer,Senior,Mombasa HQ,2019-07-21,,Active,No,,85,Meets Expectations,139000,Senior,Diploma / Certificate,25,EMP00172
EMP01231,Kenneth,Kidd,Non-Binary,29,African,Marketing,Marketing Analyst,Mid-Level,Remote - International,2026-01-10,,Active,No,,7,Meets Expectations,78000,Mid,Diploma / Certificate,8,EMP00168
EMP01232,Jerry,Bailey,Male,23,Asian,Sales,Regional Sales Director,Director+,Mombasa HQ,2024-11-07,2026-02-16,Terminated,Yes,Resignation - Career Growth,15,Meets Expectations,259000,Director+,Bachelor's Degree,0,
EMP01233,Robert,Gonzales,Male,33,African,Customer Success,Support Specialist,Senior,Mombasa HQ,2025-11-12,,Active,No,,9,Meets Expectations,137000,Senior,Bachelor's Degree,13,EMP00170
EMP01234,Wendy,Rowe,Female,54,African,Engineering,QA Engineer,Senior,Kampala,2022-08-13,,Active,No,,48,Exceeds Expectations,111000,Senior,Bachelor's Degree,29,EMP00095
EMP01235,David,Cochran,Male,27,European,Sales,Sales Manager,Manager,Nairobi Office,2026-06-24,,Active,No,,2,Meets Expectations,146000,Lead/Manager,Bachelor's Degree,4,EMP00152
EMP01236,Leah,Bell,Female,47,Asian,Engineering,QA Engineer,Mid-Level,Remote - Kenya,2024-10-10,,Active,No,,22,Needs Improvement,77000,Mid,Master's Degree,27,EMP00025
EMP01237,Michelle,Chen,Female,47,African,Sales,Sales Representative,Entry,Nairobi Office,2021-06-24,,Active,No,,62,Meets Expectations,26000,Entry,Bachelor's Degree,24,EMP00056
EMP01238,Christopher,Taylor,Male,29,African,Sales,Regional Sales Director,Director+,Remote - International,2021-10-04,,Active,No,,58,Needs Improvement,298000,Director+,Bachelor's Degree,7,EMP00136
EMP01239,Christine,Clark,Female,38,African,Operations,Logistics Specialist,Senior,Mombasa HQ,2018-11-24,2020-02-02,Terminated,Yes,Resignation - Career Growth,14,Meets Expectations,108000,Senior,Diploma / Certificate,17,
EMP01240,Amy,Bell,Female,47,African,Operations,Process Improvement Lead,Manager,Remote - International,2025-11-22,2026-04-20,Terminated,Yes,Resignation - Compensation,4,Meets Expectations,191000,Lead/Manager,High School,27,
EMP01241,Diana,Ryan,Female,30,African,Human Resources,HR Generalist,Mid-Level,Mombasa HQ,2023-03-15,,Active,No,,41,Meets Expectations,73000,Mid,Bachelor's Degree,7,EMP00116
EMP01242,Erica,Padilla,Female,32,European,Product,Product Manager,Manager,Remote - Kenya,2022-12-17,,Active,No,,44,Meets Expectations,174000,Lead/Manager,Bachelor's Degree,12,
EMP01243,Dylan,Adams,Male,29,Mixed Heritage,Customer Success,Onboarding Specialist,Senior,Remote - Kenya,2020-04-29,2024-10-02,Terminated,Yes,Resignation - Better Opportunity,53,Meets Expectations,116000,Senior,Bachelor's Degree,9,EMP00185
EMP01244,Shannon,Duke,Female,25,African,Sales,Sales Manager,Manager,Remote - Kenya,2024-12-27,2026-01-12,Terminated,Yes,Resignation - Career Growth,12,Exceeds Expectations,168000,Lead/Manager,Bachelor's Degree,5,EMP00146
EMP01245,Meghan,Davis,Female,28,African,Human Resources,Compensation Analyst,Mid-Level,Mombasa HQ,2023-05-24,,Active,No,,39,Meets Expectations,82000,Mid,Bachelor's Degree,6,EMP00157
EMP01246,Victor,Floyd,Male,24,African,Sales,Business Development Rep,Mid-Level,Nairobi Office,2024-02-21,,Active,No,,30,Meets Expectations,69000,Mid,Bachelor's Degree,2,
EMP01247,Thomas,Riddle,Male,34,African,Human Resources,Compensation Analyst,Mid-Level,Remote - East Africa,2024-03-20,,Active,No,,29,Meets Expectations,54000,Mid,Diploma / Certificate,14,EMP00070
EMP01248,Sean,Martinez,Male,27,African,Sales,Account Executive,Entry,Dar es Salaam,2021-04-20,,Active,No,,64,Meets Expectations,25000,Entry,Diploma / Certificate,4,EMP00074
EMP01249,Sean,Wright,Male,35,European,Customer Success,Onboarding Specialist,Mid-Level,Nairobi Office,2026-03-10,,Active,No,,5,Exceeds Expectations,64000,Mid,Diploma / Certificate,12,
EMP01250,Michelle,Poole,Female,22,Asian,Finance,Accountant,Mid-Level,Dar es Salaam,2026-05-20,,Active,No,,3,Exceeds Expectations,78000,Mid,Bachelor's Degree,0,EMP00153
EMP01251,Philip,Lowe,Male,36,Asian,Engineering,Engineering Manager,Manager,Mombasa HQ,2025-10-13,,Active,No,,10,Outstanding,187000,Lead/Manager,Master's Degree,13,EMP00077
EMP01252,Katherine,Ray,Female,40,African,Engineering,Tech Lead,Manager,Mombasa HQ,2022-07-05,,Active,No,,49,Exceeds Expectations,166000,Lead/Manager,Diploma / Certificate,18,
EMP01253,Debra,Perry,Female,22,African,Finance,Financial Analyst,Senior,Nairobi Office,2026-03-31,,Active,No,,5,Meets Expectations,96000,Senior,Bachelor's Degree,0,EMP00169
EMP01254,Jesse,Schultz,Male,36,Other,Engineering,QA Engineer,Senior,Dar es Salaam,2023-07-10,,Active,No,,37,Needs Improvement,87000,Senior,Bachelor's Degree,16,EMP00166
EMP01255,Sheryl,Davis,Female,43,African,Customer Success,Onboarding Specialist,Mid-Level,Nairobi Office,2026-01-05,,Active,No,,7,Exceeds Expectations,56000,Mid,High School,22,
EMP01256,Kelli,Ramirez,Female,24,African,Sales,Business Development Rep,Mid-Level,Mombasa HQ,2025-07-17,,Active,No,,13,Meets Expectations,56000,Mid,Bachelor's Degree,2,
EMP01257,Taylor,Wood,Female,47,African,Sales,Regional Sales Director,Director+,Remote - Kenya,2024-06-15,,Active,No,,26,Needs Improvement,312000,Director+,High School,26,EMP00110
EMP01258,Travis,Murphy,Male,37,African,Human Resources,HR Generalist,Mid-Level,Remote - Kenya,2023-02-18,,Active,No,,42,Meets Expectations,45000,Mid,Bachelor's Degree,13,EMP00021
EMP01259,Aaron,Schroeder,Male,28,African,Product,Product Analyst,Senior,Mombasa HQ,2024-03-28,,Active,No,,29,Exceeds Expectations,125000,Senior,Bachelor's Degree,5,EMP00118
EMP01260,Nicholas,Simon,Male,33,African,Sales,Business Development Rep,Mid-Level,Mombasa HQ,2019-03-31,,Active,No,,89,Exceeds Expectations,77000,Mid,Bachelor's Degree,11,EMP00185
EMP01261,Jimmy,Beck,Male,38,Mixed Heritage,Operations,Supply Chain Analyst,Senior,Mombasa HQ,2019-07-15,,Active,No,,85,Meets Expectations,115000,Senior,Master's Degree,18,EMP00154
EMP01262,Heather,Brown,Female,34,African,Product,Product Analyst,Senior,Kampala,2019-01-26,,Active,No,,91,Meets Expectations,88000,Senior,Bachelor's Degree,10,EMP00082
EMP01263,Joseph,Robinson,Male,38,African,Customer Success,CS Team Lead,Manager,Nairobi Office,2025-01-06,,Active,No,,19,Meets Expectations,171000,Lead/Manager,Diploma / Certificate,17,
EMP01264,Jessica,Lewis,Female,26,African,Human Resources,HR Business Partner,Entry,Kampala,2022-10-05,,Active,No,,46,Meets Expectations,27000,Entry,Master's Degree,5,EMP00172
EMP01265,Debra,Clayton,Female,35,Asian,Product,Product Manager,Manager,Remote - Kenya,2024-02-21,,Active,No,,30,Meets Expectations,176000,Lead/Manager,Bachelor's Degree,15,EMP00091
EMP01266,George,Lane,Male,22,African,Sales,Sales Manager,Manager,Nairobi Office,2025-12-23,,Active,No,,8,Meets Expectations,199000,Lead/Manager,Diploma / Certificate,0,EMP00006
EMP01267,Kylie,Washington,Female,33,African,Engineering,Engineering Manager,Manager,Remote - Kenya,2019-06-04,,Active,No,,86,Exceeds Expectations,152000,Lead/Manager,Bachelor's Degree,13,
EMP01268,Hailey,Fleming,Female,26,African,Operations,Operations Manager,Manager,Kampala,2023-11-08,,Active,No,,33,Meets Expectations,156000,Lead/Manager,Master's Degree,6,
EMP01269,Amber,Garcia,Female,28,African,Operations,Operations Manager,Manager,Nairobi Office,2019-10-21,,Active,No,,82,Exceeds Expectations,141000,Lead/Manager,Bachelor's Degree,4,EMP00180
EMP01270,Rachel,Stevens,Female,43,European,Product,Product Owner,Mid-Level,Remote - East Africa,2023-08-31,,Active,No,,36,Meets Expectations,71000,Mid,Bachelor's Degree,19,EMP00092
EMP01271,Caleb,Mathews,Male,42,African,Customer Success,Customer Success Manager,Manager,Mombasa HQ,2026-05-11,,Active,No,,3,Exceeds Expectations,173000,Lead/Manager,Diploma / Certificate,17,EMP00019
EMP01272,Jessica,Smith,Female,38,Asian,Engineering,DevOps Engineer,Mid-Level,Remote - Kenya,2021-10-12,,Active,No,,58,Exceeds Expectations,51000,Mid,Bachelor's Degree,14,EMP00160
EMP01273,Tina,Harris,Female,25,African,Finance,Accountant,Entry,Nairobi Office,2026-02-15,,Active,No,,6,Meets Expectations,33000,Entry,Bachelor's Degree,1,EMP00012
EMP01274,Michael,Anderson,Male,31,African,Engineering,QA Engineer,Senior,Remote - Kenya,2025-08-11,,Active,No,,12,Needs Improvement,97000,Senior,Bachelor's Degree,9,EMP00029
EMP01275,Marie,Moore,Female,43,African,Finance,FP&A Analyst,Mid-Level,Mombasa HQ,2020-02-18,,Active,No,,78,Meets Expectations,62000,Mid,Bachelor's Degree,21,EMP00079
EMP01276,Timothy,Hill,Male,35,African,Human Resources,HR Business Partner,Entry,Remote - East Africa,2020-10-14,,Active,No,,70,Meets Expectations,33000,Entry,Master's Degree,15,EMP00164
EMP01277,Mary,Wright,Female,52,African,Operations,Logistics Specialist,Senior,Remote - East Africa,2024-08-24,,Active,No,,24,Outstanding,128000,Senior,Diploma / Certificate,32,EMP00050
EMP01278,Jacqueline,Mckee,Female,37,African,Engineering,Engineering Manager,Manager,Nairobi Office,2023-07-07,,Active,No,,37,Exceeds Expectations,195000,Lead/Manager,Diploma / Certificate,14,EMP00029
EMP01279,Carol,Sanders,Female,35,African,Sales,Business Development Rep,Mid-Level,Mombasa HQ,2018-12-04,,Active,No,,92,Meets Expectations,78000,Mid,Master's Degree,15,EMP00006
EMP01280,Elizabeth,Lyons,Female,31,African,Sales,Regional Sales Director,Director+,Mombasa HQ,2026-08-10,,Active,No,,1,Meets Expectations,288000,Director+,Diploma / Certificate,9,
EMP01281,David,Rios,Male,35,African,Marketing,Marketing Specialist,Mid-Level,Kampala,2018-09-16,,Active,No,,95,Exceeds Expectations,47000,Mid,Master's Degree,15,EMP00158
EMP01282,Michele,Smith,Female,32,African,Sales,Business Development Rep,Mid-Level,Dar es Salaam,2023-12-07,,Active,No,,32,Meets Expectations,47000,Mid,Bachelor's Degree,10,EMP00129
EMP01283,Karen,Anderson,Female,39,Asian,Customer Success,Onboarding Specialist,Senior,Kampala,2022-11-24,,Active,No,,45,Outstanding,134000,Senior,Bachelor's Degree,19,EMP00197
EMP01284,Darrell,Frazier,Male,41,Mixed Heritage,Operations,Logistics Specialist,Mid-Level,Mombasa HQ,2024-12-05,,Active,No,,20,Meets Expectations,55000,Mid,Diploma / Certificate,20,EMP00026
EMP01285,Adam,Dominguez,Male,27,African,Finance,FP&A Analyst,Senior,Remote - Kenya,2021-04-27,,Active,No,,64,Exceeds Expectations,97000,Senior,Bachelor's Degree,7,EMP00124
EMP01286,Robert,Mcneil,Male,23,African,Operations,Operations Coordinator,Senior,Mombasa HQ,2025-02-27,,Active,No,,18,Exceeds Expectations,108000,Senior,Bachelor's Degree,3,
EMP01287,Jennifer,Anderson,Female,22,African,Sales,Business Development Rep,Mid-Level,Mombasa HQ,2025-11-09,,Active,No,,9,Meets Expectations,61000,Mid,Diploma / Certificate,0,EMP00046
EMP01288,Andrea,Reyes,Female,38,African,Finance,Financial Analyst,Senior,Remote - East Africa,2022-05-11,,Active,No,,51,Meets Expectations,130000,Senior,Bachelor's Degree,17,
EMP01289,Nicholas,Garcia,Male,25,African,Operations,Supply Chain Analyst,Senior,Remote - Kenya,2022-11-27,,Active,No,,45,Exceeds Expectations,118000,Senior,Bachelor's Degree,1,EMP00149
EMP01290,Emily,Ibarra,Female,22,African,Marketing,Marketing Specialist,Mid-Level,Mombasa HQ,2026-01-20,,Active,No,,7,Needs Improvement,70000,Mid,Bachelor's Degree,0,EMP00118
EMP01291,Chad,Ayala,Male,37,African,Engineering,Tech Lead,Manager,Remote - East Africa,2023-07-30,,Active,No,,37,Exceeds Expectations,180000,Lead/Manager,Master's Degree,16,EMP00029
EMP01292,Nicole,Anderson,Female,53,Mixed Heritage,Operations,Operations Manager,Manager,Mombasa HQ,2020-02-24,,Active,No,,78,Outstanding,163000,Lead/Manager,Bachelor's Degree,33,EMP00008
EMP01293,Willie,Thomas,Male,33,African,Engineering,Engineering Manager,Manager,Nairobi Office,2023-01-02,2023-05-06,Terminated,Yes,Resignation - Better Opportunity,4,Meets Expectations,141000,Lead/Manager,Bachelor's Degree,8,EMP00075
EMP01294,Joseph,Smith,Male,40,African,Customer Success,Customer Success Manager,Manager,Remote - Kenya,2025-07-01,2026-06-02,Terminated,Yes,Resignation - Compensation,11,Meets Expectations,141000,Lead/Manager,Master's Degree,20,
EMP01295,Matthew,Alexander,Male,34,Asian,Operations,Process Improvement Lead,Manager,Kampala,2022-10-09,,Active,No,,46,Needs Improvement,184000,Lead/Manager,Bachelor's Degree,14,
EMP01296,Miranda,Fuller,Female,33,African,Product,Product Manager,Manager,Mombasa HQ,2020-01-11,,Active,No,,79,Meets Expectations,140000,Lead/Manager,Bachelor's Degree,8,EMP00092
EMP01297,Brittany,Jenkins,Female,41,African,Engineering,Software Engineer,Mid-Level,Remote - Kenya,2021-08-20,,Active,No,,60,Meets Expectations,76000,Mid,Bachelor's Degree,20,
EMP01298,Michael,Heath,Male,31,Asian,Sales,Regional Sales Director,Director+,Kampala,2022-06-29,2023-12-13,Terminated,Yes,Resignation - Better Opportunity,17,Meets Expectations,246000,Director+,High School,11,EMP00154
EMP01299,Angelica,Garcia,Female,36,African,Customer Success,Customer Success Manager,Manager,Mombasa HQ,2024-10-26,2025-05-19,Terminated,Yes,Termination - Performance,6,Needs Improvement,171000,Lead/Manager,Bachelor's Degree,13,
EMP01300,Paul,Lawrence,Male,36,African,Operations,Logistics Specialist,Mid-Level,Remote - Kenya,2026-07-31,,Active,No,,1,Exceeds Expectations,82000,Mid,Master's Degree,16,EMP00008
EMP01301,Janet,Richmond,Female,28,African,Engineering,Engineering Manager,Manager,Remote - East Africa,2019-12-21,,Active,No,,80,Meets Expectations,178000,Lead/Manager,Bachelor's Degree,6,EMP00137
EMP01302,Emily,Taylor,Female,41,African,Engineering,Software Engineer,Mid-Level,Remote - Kenya,2018-10-20,,Active,No,,94,Needs Improvement,48000,Mid,Bachelor's Degree,20,EMP00169
EMP01303,Donald,Miller,Male,32,African,Engineering,Software Engineer,Senior,Remote - Kenya,2021-06-22,,Active,No,,62,Meets Expectations,89000,Senior,Master's Degree,12,EMP00159
EMP01304,Kristen,Greene,Female,27,African,Engineering,Engineering Manager,Manager,Mombasa HQ,2022-10-14,,Active,No,,46,Meets Expectations,197000,Lead/Manager,Diploma / Certificate,4,
EMP01305,Lawrence,Maxwell,Male,38,African,Engineering,Software Engineer,Mid-Level,Nairobi Office,2019-12-13,,Active,No,,80,Meets Expectations,47000,Mid,Bachelor's Degree,16,EMP00164
EMP01306,Michael,Abbott,Male,26,Asian,Engineering,Senior Software Engineer,Senior,Mombasa HQ,2021-12-30,,Active,No,,56,Meets Expectations,101000,Senior,Master's Degree,2,EMP00147
EMP01307,Mary,Turner,Female,34,African,Operations,Supply Chain Analyst,Mid-Level,Dar es Salaam,2024-03-05,,Active,No,,29,Meets Expectations,81000,Mid,Bachelor's Degree,8,
EMP01308,Joseph,Hicks,Male,33,African,Engineering,Tech Lead,Manager,Mombasa HQ,2020-12-29,,Active,No,,68,Exceeds Expectations,182000,Lead/Manager,Master's Degree,10,
EMP01309,Paul,Phillips,Male,42,African,Operations,Operations Manager,Manager,Remote - East Africa,2024-08-19,,Active,No,,24,Meets Expectations,141000,Lead/Manager,Bachelor's Degree,22,
EMP01310,Amy,Hurst,Female,37,African,Finance,Controller,Mid-Level,Nairobi Office,2018-12-24,,Active,No,,92,Exceeds Expectations,76000,Mid,Master's Degree,16,EMP00114
EMP01311,Troy,Simpson,Male,33,Other,Finance,Accountant,Mid-Level,Remote - East Africa,2020-01-29,,Active,No,,79,Meets Expectations,61000,Mid,Diploma / Certificate,9,EMP00088
EMP01312,Brian,Porter,Male,40,African,Sales,Business Development Rep,Mid-Level,Remote - Kenya,2021-04-16,2026-07-14,Terminated,Yes,Resignation - Better Opportunity,62,Outstanding,77000,Mid,Bachelor's Degree,16,EMP00181
EMP01313,Kirk,Rice,Male,45,African,Sales,Business Development Rep,Mid-Level,Kampala,2020-11-24,,Active,No,,69,Exceeds Expectations,66000,Mid,Bachelor's Degree,25,EMP00186
EMP01314,William,Hatfield,Male,38,Asian,Operations,Supply Chain Analyst,Mid-Level,Nairobi Office,2018-09-15,,Active,No,,95,Meets Expectations,67000,Mid,Master's Degree,18,
EMP01315,Timothy,Anderson,Male,34,Asian,Customer Success,Support Specialist,Mid-Level,Dar es Salaam,2023-04-25,,Active,No,,40,Meets Expectations,63000,Mid,Bachelor's Degree,13,EMP00119
EMP01316,Scott,Carroll,Male,23,European,Sales,Sales Manager,Manager,Remote - International,2025-12-03,2026-06-08,Terminated,Yes,Retirement,6,Meets Expectations,200000,Lead/Manager,Bachelor's Degree,0,
EMP01317,Jacob,Vega,Male,25,Asian,Sales,Account Executive,Mid-Level,Nairobi Office,2023-06-06,,Active,No,,38,Meets Expectations,53000,Mid,Master's Degree,3,EMP00087
EMP01318,Phillip,Best,Male,31,European,Customer Success,Customer Success Manager,Manager,Nairobi Office,2024-10-18,,Active,No,,22,Meets Expectations,199000,Lead/Manager,Master's Degree,10,
EMP01319,Patricia,Smith,Female,29,Asian,Marketing,Brand Manager,Manager,Remote - East Africa,2021-01-04,2025-03-22,Terminated,Yes,Resignation - Compensation,50,Exceeds Expectations,187000,Lead/Manager,Diploma / Certificate,9,EMP00050
EMP01320,Austin,Baker,Male,32,African,Sales,Regional Sales Director,Director+,Nairobi Office,2026-07-21,,Active,No,,1,Meets Expectations,223000,Director+,Diploma / Certificate,6,EMP00035
EMP01321,Amanda,Brown,Female,34,African,Customer Success,CS Team Lead,Manager,Mombasa HQ,2020-09-01,,Active,No,,71,Exceeds Expectations,168000,Lead/Manager,Bachelor's Degree,10,EMP00035
EMP01322,Rachel,Hunter,Female,38,European,Engineering,Tech Lead,Manager,Mombasa HQ,2024-05-12,,Active,No,,27,Exceeds Expectations,177000,Lead/Manager,Master's Degree,15,EMP00131
EMP01323,Lori,Mason,Female,33,African,Finance,Controller,Mid-Level,Nairobi Office,2023-01-23,,Active,No,,43,Exceeds Expectations,53000,Mid,Bachelor's Degree,13,EMP00075
EMP01324,Jennifer,Miles,Female,37,African,Operations,Operations Manager,Manager,Mombasa HQ,2020-04-19,,Active,No,,76,Exceeds Expectations,147000,Lead/Manager,Bachelor's Degree,14,
EMP01325,Bradley,Herrera,Male,34,African,Legal & Compliance,Paralegal,Entry,Nairobi Office,2024-11-22,,Active,No,,21,Exceeds Expectations,28000,Entry,Bachelor's Degree,9,
EMP01326,Luis,Ramirez,Male,22,African,Product,UX Designer,Entry,Remote - International,2026-08-15,,Active,No,,1,Exceeds Expectations,27000,Entry,Master's Degree,0,EMP00053
EMP01327,Emily,Dixon,Female,26,African,Engineering,Tech Lead,Manager,Remote - International,2025-08-11,,Active,No,,12,Meets Expectations,214000,Lead/Manager,Master's Degree,4,
EMP01328,Christina,Morton,Female,32,European,Sales,Regional Sales Director,Director+,Nairobi Office,2023-10-06,,Active,No,,34,Meets Expectations,253000,Director+,Master's Degree,12,EMP00055
EMP01329,Joshua,Myers,Male,24,African,Product,Product Owner,Mid-Level,Dar es Salaam,2026-08-25,,Active,No,,1,Meets Expectations,47000,Mid,Bachelor's Degree,3,EMP00131
EMP01330,Madison,Davenport,Female,38,European,Operations,Supply Chain Analyst,Senior,Dar es Salaam,2021-07-31,,Active,No,,61,Meets Expectations,126000,Senior,Diploma / Certificate,18,
EMP01331,Michael,Jones,Male,46,Asian,Legal & Compliance,Paralegal,Mid-Level,Remote - East Africa,2026-04-11,,Active,No,,4,Meets Expectations,84000,Mid,Master's Degree,26,EMP00130
EMP01332,Michael,Blair,Male,43,African,Operations,Process Improvement Lead,Manager,Mombasa HQ,2022-02-17,,Active,No,,54,Needs Improvement,178000,Lead/Manager,Bachelor's Degree,21,
EMP01333,Sarah,Brown,Female,32,African,Customer Success,Customer Success Manager,Manager,Remote - East Africa,2024-07-30,,Active,No,,25,Meets Expectations,215000,Lead/Manager,Bachelor's Degree,7,EMP00068
EMP01334,Angelica,Hamilton,Female,45,African,Sales,Account Executive,Mid-Level,Mombasa HQ,2025-03-02,,Active,No,,18,Needs Improvement,54000,Mid,Bachelor's Degree,23,EMP00177
EMP01335,Jody,Lynch,Female,35,African,Customer Success,CS Team Lead,Manager,Mombasa HQ,2019-06-16,,Active,No,,86,Exceeds Expectations,148000,Lead/Manager,Doctorate,15,
EMP01336,Ellen,Harmon,Female,31,African,Sales,Sales Manager,Manager,Mombasa HQ,2022-04-19,,Active,No,,52,Meets Expectations,184000,Lead/Manager,Bachelor's Degree,7,EMP00021
EMP01337,Natalie,Wilson,Female,29,Asian,IT Support,Systems Administrator,Mid-Level,Mombasa HQ,2021-12-19,,Active,No,,56,Meets Expectations,52000,Mid,Bachelor's Degree,7,EMP00135
EMP01338,Michelle,Miles,Female,31,African,Operations,Logistics Specialist,Mid-Level,Dar es Salaam,2024-12-20,2026-01-27,Terminated,Yes,Retirement,13,Meets Expectations,64000,Mid,Bachelor's Degree,8,EMP00035
EMP01339,Christopher,Benton,Male,30,African,Sales,Sales Manager,Manager,Remote - East Africa,2019-11-20,2025-08-07,Terminated,Yes,Resignation - Better Opportunity,68,Meets Expectations,156000,Lead/Manager,High School,8,EMP00007
EMP01340,Joseph,Logan,Male,35,African,Human Resources,Recruiter,Mid-Level,Remote - Kenya,2025-06-11,,Active,No,,14,Meets Expectations,49000,Mid,Bachelor's Degree,12,EMP00020
EMP01341,Nathan,Jackson,Male,35,African,Customer Success,Onboarding Specialist,Mid-Level,Mombasa HQ,2022-02-05,,Active,No,,54,Meets Expectations,50000,Mid,Master's Degree,15,EMP00018
EMP01342,Beth,Norman,Female,34,Other,Operations,Operations Coordinator,Mid-Level,Nairobi Office,2023-05-20,,Active,No,,39,Meets Expectations,57000,Mid,Diploma / Certificate,13,
EMP01343,Debra,Tanner,Female,37,African,Engineering,Senior Software Engineer,Senior,Remote - East Africa,2019-03-21,,Active,No,,89,Meets Expectations,104000,Senior,Bachelor's Degree,17,EMP00122
EMP01344,Patricia,Johnson,Female,43,African,Product,Product Owner,Mid-Level,Nairobi Office,2025-03-16,2026-01-08,Terminated,Yes,Resignation - Career Growth,9,Meets Expectations,53000,Mid,Bachelor's Degree,22,EMP00174
EMP01345,Renee,Nelson,Female,41,African,Sales,Sales Manager,Manager,Kampala,2025-06-25,,Active,No,,14,Meets Expectations,206000,Lead/Manager,Diploma / Certificate,20,
EMP01346,Amy,Joseph,Female,22,Asian,Sales,Regional Sales Director,Director+,Kampala,2026-02-02,,Active,No,,6,Exceeds Expectations,306000,Director+,Bachelor's Degree,0,
EMP01347,Laura,Jones,Female,22,African,Sales,Regional Sales Director,Director+,Remote - Kenya,2026-04-22,,Active,No,,4,Meets Expectations,281000,Director+,Bachelor's Degree,1,EMP00145
EMP01348,Jesse,Ward,Male,41,African,Sales,Sales Representative,Mid-Level,Remote - East Africa,2020-04-06,,Active,No,,76,Outstanding,70000,Mid,Bachelor's Degree,21,EMP00052
EMP01349,Jonathan,Bradley,Male,23,Asian,Engineering,Tech Lead,Manager,Mombasa HQ,2025-11-30,,Active,No,,9,Outstanding,190000,Lead/Manager,Master's Degree,3,
EMP01350,Holly,Scott,Female,32,European,Customer Success,Onboarding Specialist,Mid-Level,Nairobi Office,2021-02-26,,Active,No,,66,Exceeds Expectations,62000,Mid,Diploma / Certificate,10,EMP00054
EMP01351,Brian,Berry,Male,24,African,Human Resources,HR Business Partner,Entry,Nairobi Office,2025-04-29,,Active,No,,16,Needs Improvement,25000,Entry,Bachelor's Degree,2,EMP00146
EMP01352,Miranda,Perez,Female,22,African,IT Support,IT Support Specialist,Mid-Level,Mombasa HQ,2025-11-15,,Active,No,,9,Exceeds Expectations,61000,Mid,Master's Degree,2,EMP00117
EMP01353,Jordan,Williams,Male,38,African,Finance,FP&A Analyst,Senior,Remote - International,2026-07-27,,Active,No,,1,Meets Expectations,137000,Senior,Bachelor's Degree,18,EMP00141
EMP01354,Shari,Sanchez,Female,40,African,Operations,Supply Chain Analyst,Mid-Level,Mombasa HQ,2023-07-24,,Active,No,,37,Meets Expectations,47000,Mid,Master's Degree,18,EMP00115
EMP01355,Kaitlyn,Reyes,Female,29,African,Sales,Sales Representative,Mid-Level,Mombasa HQ,2021-01-17,,Active,No,,67,Exceeds Expectations,48000,Mid,Bachelor's Degree,7,
EMP01356,Brittany,Velazquez,Female,22,Asian,Customer Success,Customer Success Manager,Manager,Mombasa HQ,2026-01-16,,Active,No,,7,Meets Expectations,145000,Lead/Manager,Bachelor's Degree,0,
EMP01357,Shannon,Tran,Female,29,African,Engineering,DevOps Engineer,Mid-Level,Mombasa HQ,2018-09-30,,Active,No,,95,Exceeds Expectations,51000,Mid,Diploma / Certificate,8,
EMP01358,Thomas,Yang,Male,37,African,Engineering,DevOps Engineer,Mid-Level,Remote - Kenya,2020-09-18,,Active,No,,71,Meets Expectations,76000,Mid,Master's Degree,14,EMP00120
EMP01359,Jennifer,Morris,Female,22,African,Engineering,Engineering Manager,Manager,Mombasa HQ,2026-01-12,,Active,No,,7,Meets Expectations,191000,Lead/Manager,Master's Degree,1,
EMP01360,Jennifer,Cortez,Female,35,African,Customer Success,CS Team Lead,Manager,Nairobi Office,2022-12-31,2025-05-23,Terminated,Yes,Resignation - Better Opportunity,28,Needs Improvement,149000,Lead/Manager,High School,15,EMP00015
EMP01361,Devon,Miller,Male,33,African,Engineering,DevOps Engineer,Mid-Level,Remote - International,2024-09-12,,Active,No,,23,Meets Expectations,48000,Mid,Bachelor's Degree,11,EMP00018
EMP01362,Jake,Shaw,Male,38,Mixed Heritage,Engineering,Senior Software Engineer,Senior,Remote - East Africa,2021-11-08,,Active,No,,57,Outstanding,87000,Senior,Bachelor's Degree,18,EMP00194
EMP01363,Stephanie,White,Female,34,African,Engineering,DevOps Engineer,Senior,Mombasa HQ,2024-03-19,,Active,No,,29,Exceeds Expectations,138000,Senior,Diploma / Certificate,12,EMP00086
EMP01364,Robert,Jarvis,Male,26,African,Engineering,Engineering Manager,Manager,Nairobi Office,2021-12-05,,Active,No,,56,Meets Expectations,180000,Lead/Manager,Diploma / Certificate,5,EMP00105
EMP01365,Troy,Jones,Male,43,Asian,Operations,Operations Manager,Manager,Remote - East Africa,2024-08-12,,Active,No,,24,Meets Expectations,215000,Lead/Manager,Diploma / Certificate,23,
EMP01366,Julie,Campbell,Female,32,African,Product,Product Owner,Mid-Level,Remote - Kenya,2020-07-19,,Active,No,,73,Meets Expectations,79000,Mid,Master's Degree,10,EMP00021
EMP01367,Sarah,Murphy,Female,33,African,Customer Success,Customer Success Manager,Manager,Mombasa HQ,2023-04-08,,Active,No,,40,Meets Expectations,191000,Lead/Manager,Master's Degree,13,EMP00070
EMP01368,Juan,Smith,Male,26,European,Marketing,Digital Marketing Manager,Manager,Remote - East Africa,2026-01-18,,Active,No,,7,Exceeds Expectations,144000,Lead/Manager,Bachelor's Degree,1,
EMP01369,Curtis,Elliott,Male,30,African,Engineering,Engineering Manager,Manager,Remote - Kenya,2019-06-18,,Active,No,,86,Meets Expectations,161000,Lead/Manager,Bachelor's Degree,8,
EMP01370,Elizabeth,Dean,Female,26,African,Operations,Operations Coordinator,Mid-Level,Nairobi Office,2022-11-15,,Active,No,,45,Exceeds Expectations,64000,Mid,Diploma / Certificate,5,EMP00017
EMP01371,Julie,Vargas,Female,32,African,Operations,Supply Chain Analyst,Mid-Level,Mombasa HQ,2025-07-26,,Active,No,,13,Meets Expectations,62000,Mid,Diploma / Certificate,12,EMP00080
EMP01372,Johnny,Barton,Male,47,African,Engineering,Tech Lead,Manager,Nairobi Office,2022-03-02,,Active,No,,54,Outstanding,162000,Lead/Manager,Master's Degree,27,EMP00062
EMP01373,Craig,Mccullough,Male,23,African,Operations,Operations Coordinator,Senior,Nairobi Office,2024-09-16,,Active,No,,23,Meets Expectations,120000,Senior,High School,0,EMP00013
EMP01374,Paige,Sanchez,Female,22,African,Sales,Sales Manager,Manager,Remote - East Africa,2026-07-09,,Active,No,,1,Meets Expectations,143000,Lead/Manager,Master's Degree,1,EMP00143
EMP01375,Aaron,Ortiz,Male,45,African,Operations,Operations Coordinator,Senior,Mombasa HQ,2019-10-02,,Active,No,,82,Exceeds Expectations,127000,Senior,Doctorate,25,EMP00073
EMP01376,Crystal,Reed,Female,32,African,Marketing,Brand Manager,Manager,Mombasa HQ,2024-05-11,,Active,No,,27,Meets Expectations,206000,Lead/Manager,High School,10,
EMP01377,Ryan,Wiley,Male,28,Asian,Operations,Operations Manager,Manager,Mombasa HQ,2025-02-15,,Active,No,,18,Needs Improvement,185000,Lead/Manager,Bachelor's Degree,8,
EMP01378,Tiffany,Smith,Female,42,African,Operations,Logistics Specialist,Mid-Level,Remote - International,2024-05-24,,Active,No,,27,Meets Expectations,73000,Mid,Master's Degree,20,EMP00126
EMP01379,Mary,Sweeney,Female,29,African,Human Resources,Compensation Analyst,Mid-Level,Remote - Kenya,2024-08-17,,Active,No,,24,Exceeds Expectations,59000,Mid,Bachelor's Degree,7,EMP00091
EMP01380,Monica,Garcia,Female,48,African,Operations,Process Improvement Lead,Manager,Remote - East Africa,2024-04-11,,Active,No,,28,Meets Expectations,143000,Lead/Manager,Master's Degree,26,EMP00010
EMP01381,Joseph,Allen,Male,39,European,Human Resources,People Operations Specialist,Senior,Nairobi Office,2022-04-22,,Active,No,,52,Meets Expectations,127000,Senior,Diploma / Certificate,14,EMP00063
EMP01382,Johnathan,Brown,Male,30,Mixed Heritage,Customer Success,CS Team Lead,Manager,Nairobi Office,2025-05-17,,Active,No,,15,Exceeds Expectations,196000,Lead/Manager,Diploma / Certificate,10,
EMP01383,Zachary,Dawson,Male,51,Asian,Product,Product Analyst,Mid-Level,Remote - Kenya,2023-07-04,,Active,No,,37,Exceeds Expectations,47000,Mid,Bachelor's Degree,28,EMP00148
EMP01384,Anna,Morse,Female,29,African,Sales,Business Development Rep,Mid-Level,Mombasa HQ,2025-10-31,,Active,No,,10,Meets Expectations,65000,Mid,Master's Degree,8,EMP00019
EMP01385,Steven,Meyer,Male,39,African,Engineering,Tech Lead,Manager,Remote - Kenya,2018-09-03,,Active,No,,95,Exceeds Expectations,169000,Lead/Manager,Bachelor's Degree,18,EMP00080
EMP01386,Mercedes,Watson,Female,36,Asian,Operations,Operations Coordinator,Mid-Level,Nairobi Office,2024-12-04,,Active,No,,20,Meets Expectations,46000,Mid,Master's Degree,13,EMP00082
EMP01387,William,Miller,Male,44,European,Operations,Process Improvement Lead,Manager,Mombasa HQ,2021-08-19,,Active,No,,60,Meets Expectations,167000,Lead/Manager,Diploma / Certificate,18,EMP00145
EMP01388,Anna,Anderson,Female,46,Mixed Heritage,Operations,Operations Coordinator,Mid-Level,Remote - East Africa,2024-11-12,,Active,No,,21,Meets Expectations,55000,Mid,High School,23,EMP00189
EMP01389,Sally,Jones,Female,34,African,Marketing,Digital Marketing Manager,Manager,Nairobi Office,2021-09-19,,Active,No,,59,Needs Improvement,202000,Lead/Manager,Diploma / Certificate,10,
EMP01390,Keith,Graham,Male,27,Other,Engineering,Engineering Manager,Manager,Mombasa HQ,2025-12-25,,Active,No,,8,Meets Expectations,200000,Lead/Manager,Bachelor's Degree,7,
EMP01391,Tracey,Young,Female,37,European,Engineering,DevOps Engineer,Mid-Level,Remote - East Africa,2026-02-09,,Active,No,,6,Meets Expectations,48000,Mid,Bachelor's Degree,17,EMP00104
EMP01392,Debbie,Edwards,Female,28,African,IT Support,Systems Administrator,Entry,Mombasa HQ,2026-07-21,,Active,No,,1,Exceeds Expectations,35000,Entry,Bachelor's Degree,5,EMP00181
EMP01393,Robert,Haynes,Male,50,Mixed Heritage,Engineering,Engineering Manager,Manager,Nairobi Office,2019-11-25,,Active,No,,81,Meets Expectations,157000,Lead/Manager,Bachelor's Degree,29,EMP00014
EMP01394,Nicolas,Stewart,Male,35,Other,Operations,Operations Coordinator,Senior,Mombasa HQ,2026-01-09,,Active,No,,7,Exceeds Expectations,113000,Senior,Bachelor's Degree,13,EMP00007
EMP01395,Dillon,Jones,Male,31,Asian,Finance,FP&A Analyst,Senior,Mombasa HQ,2021-08-18,,Active,No,,60,Needs Improvement,111000,Senior,Master's Degree,11,EMP00083
EMP01396,Dale,Chan,Male,35,African,Operations,Operations Coordinator,Senior,Mombasa HQ,2021-10-10,,Active,No,,58,Exceeds Expectations,113000,Senior,Bachelor's Degree,12,EMP00067
EMP01397,Kevin,Moore,Male,23,African,Sales,Account Executive,Mid-Level,Mombasa HQ,2024-09-08,,Active,No,,23,Meets Expectations,79000,Mid,Bachelor's Degree,0,EMP00119
EMP01398,Carly,Owens,Female,26,African,Marketing,Brand Manager,Manager,Mombasa HQ,2025-10-14,,Active,No,,10,Meets Expectations,174000,Lead/Manager,Bachelor's Degree,6,
EMP01399,Jason,Herrera,Male,43,Asian,Customer Success,Customer Success Manager,Manager,Mombasa HQ,2020-02-11,,Active,No,,78,Needs Improvement,170000,Lead/Manager,Master's Degree,22,EMP00146
EMP01400,Traci,Clark,Female,28,African,Human Resources,HR Business Partner,Entry,Dar es Salaam,2021-12-07,,Active,No,,56,Meets Expectations,45000,Entry,Bachelor's Degree,6,EMP00056
